Data Set 5:Time(s),Data Set 5:Force 1(N),Data Set 5:Force 2(N),
0,-0.5468903,-0.4121475,0.9590378
0.005,-0.5489883,-0.4205627,0.969551
0.01,-0.5406036,-0.4205627,0.9611663
0.015,-0.5343246,-0.4226608,0.9569854
0.02,-0.5406036,-0.418457,0.9590606
0.025,-0.5468903,-0.4205627,0.967453
0.03,-0.5427017,-0.4247665,0.9674682
0.035,-0.5427017,-0.418457,0.9611587
0.04,-0.5489883,-0.4247665,0.9737548
0.045,-0.5489883,-0.4226608,0.9716491
0.05,-0.5510864,-0.4205627,0.9716491
0.055,-0.5406036,-0.4247665,0.9653701
0.06,-0.5427017,-0.4205627,0.9632644
0.065,-0.5427017,-0.4163589,0.9590606
0.07,-0.5510864,-0.4163589,0.9674453
0.075,-0.5447998,-0.3827133,0.9275131
0.08,-0.5510864,-0.4037399,0.9548263
0.085,-0.555275,-0.4079437,0.9632187
0.09,-0.5510864,-0.4079437,0.9590301
0.095,-0.5510864,-0.4163589,0.9674453
0.1,-0.5468903,-0.418457,0.9653473
0.105,-0.5406036,-0.418457,0.9590606
0.11,-0.5510864,-0.4142532,0.9653396
0.115,-0.5510864,-0.418457,0.9695434
0.12,-0.5447998,-0.3911209,0.9359207
0.125,-0.5301285,-0.3995361,0.9296646
0.13,-0.5406036,-0.4142532,0.9548568
0.135,-0.5468903,-0.4226608,0.9695511
0.14,-0.5489883,-0.4100494,0.9590377
0.145,-0.5406036,-0.4163589,0.9569625
0.15,-0.555275,-0.4163589,0.9716339
0.155,-0.5489883,-0.4205627,0.969551
0.16,-0.5427017,-0.4247665,0.9674682
0.165,-0.5468903,-0.4205627,0.967453
0.17,-0.5489883,-0.4163589,0.9653472
0.175,-0.555275,-0.3848114,0.9400864
0.18,-0.555275,-0.3974304,0.9527054
0.185,-0.5594635,-0.405838,0.9653015
0.19,-0.5468903,-0.4142532,0.9611435
0.195,-0.5531769,-0.4247665,0.9779434
0.2,-0.5594635,-0.4205627,0.9800262
0.205,-0.557373,-0.4163589,0.9737319
0.21,-0.5510864,-0.3995361,0.9506225
0.215,-0.5468903,-0.4100494,0.9569397
0.22,-0.5594635,-0.4142532,0.9737167
0.225,-0.5489883,-0.4205627,0.969551
0.23,-0.5531769,-0.4205627,0.9737396
0.235,-0.5447998,-0.4247665,0.9695663
0.24,-0.5531769,-0.4268723,0.9800492
0.245,-0.5531769,-0.4247665,0.9779434
0.25,-0.5594635,-0.4331818,0.9926453
0.255,-0.5594635,-0.431076,0.9905395
0.26,-0.5594635,-0.4268723,0.9863358
0.265,-0.5427017,-0.4268723,0.969574
0.27,-0.5489883,-0.4226608,0.9716491
0.275,-0.5510864,-0.4247665,0.9758529
0.28,-0.5594635,-0.3848114,0.9442749
0.285,-0.5489883,-0.3932266,0.9422149
0.29,-0.5489883,-0.4163589,0.9653472
0.295,-0.555275,-0.418457,0.973732
0.3,-0.555275,-0.418457,0.973732
0.305,-0.5489883,-0.4247665,0.9737548
0.31,-0.5489883,-0.4226608,0.9716491
0.315,-0.5447998,-0.4205627,0.9653625
0.32,-0.5427017,-0.4226608,0.9653625
0.325,-0.5427017,-0.4205627,0.9632644
0.33,-0.5406036,-0.3974304,0.938034
0.335,-0.5343246,-0.405838,0.9401626
0.34,-0.5468903,-0.418457,0.9653473
0.345,-0.5406036,-0.4226608,0.9632644
0.35,-0.5531769,-0.4268723,0.9800492
0.355,-0.5489883,-0.4331818,0.9821701
0.36,-0.5531769,-0.4163589,0.9695358
0.365,-0.5594635,-0.4247665,0.98423
0.37,-0.5531769,-0.4247665,0.9779434
0.375,-0.5510864,-0.431076,0.9821624
0.38,-0.5636597,-0.4226608,0.9863205
0.385,-0.555275,-0.4247665,0.9800415
0.39,-0.555275,-0.3785019,0.9337769
0.395,-0.5427017,-0.3932266,0.9359283
0.4,-0.5510864,-0.4079437,0.9590301
0.405,-0.5489883,-0.4163589,0.9653472
0.41,-0.5468903,-0.4226608,0.9695511
0.415,-0.5489883,-0.4226608,0.9716491
0.42,-0.5447998,-0.4079437,0.9527435
0.425,-0.5406036,-0.4163589,0.9569625
0.43,-0.5427017,-0.4142532,0.9569549
0.435,-0.5489883,-0.4142532,0.9632415
0.44,-0.5406036,-0.4205627,0.9611663
0.445,-0.5447998,-0.4163589,0.9611587
0.45,-0.5322266,-0.418457,0.9506836
0.455,-0.555275,-0.4247665,0.9800415
0.46,-0.5468903,-0.4205627,0.967453
0.465,-0.5489883,-0.418457,0.9674453
0.47,-0.5468903,-0.418457,0.9653473
0.475,-0.5468903,-0.418457,0.9653473
0.48,-0.5406036,-0.4142532,0.9548568
0.485,-0.5510864,-0.4163589,0.9674453
0.49,-0.5489883,-0.4205627,0.969551
0.495,-0.5594635,-0.3890228,0.9484863
0.5,-0.5427017,-0.4037399,0.9464416
0.505,-0.5447998,-0.4142532,0.959053
0.51,-0.5364151,-0.3764038,0.9128189
0.515,-0.5489883,-0.3974304,0.9464187
0.52,-0.5406036,-0.405838,0.9464416
0.525,-0.5447998,-0.4100494,0.9548492
0.53,-0.5385132,-0.4163589,0.9548721
0.535,-0.5468903,-0.4121475,0.9590378
0.54,-0.5447998,-0.4100494,0.9548492
0.545,-0.5406036,-0.4247665,0.9653701
0.55,-0.5364151,-0.4121475,0.9485626
0.555,-0.5343246,-0.4142532,0.9485778
0.56,-0.5301285,-0.4268723,0.9570008
0.565,-0.5406036,-0.4205627,0.9611663
0.57,-0.5385132,-0.4163589,0.9548721
0.575,-0.5468903,-0.4205627,0.967453
0.58,-0.5385132,-0.4205627,0.9590759
0.585,-0.5322266,-0.4205627,0.9527893
0.59,-0.5301285,-0.4205627,0.9506912
0.595,-0.5406036,-0.3827133,0.9233169
0.6,-0.5406036,-0.3932266,0.9338302
0.605,-0.5447998,-0.4121475,0.9569473
0.61,-0.5364151,-0.4142532,0.9506683
0.615,-0.5447998,-0.4205627,0.9653625
0.62,-0.5364151,-0.4226608,0.9590759
0.625,-0.5406036,-0.4268723,0.9674759
0.63,-0.5322266,-0.4100494,0.942276
0.635,-0.5343246,-0.4205627,0.9548873
0.64,-0.5364151,-0.4163589,0.952774
0.645,-0.5301285,-0.4121475,0.942276
0.65,-0.5406036,-0.4142532,0.9548568
0.655,-0.5427017,-0.4226608,0.9653625
0.66,-0.5385132,-0.418457,0.9569702
0.665,-0.5322266,-0.4247665,0.9569931
0.67,-0.5427017,-0.4226608,0.9653625
0.675,-0.5447998,-0.4163589,0.9611587
0.68,-0.5447998,-0.418457,0.9632568
0.685,-0.5385132,-0.418457,0.9569702
0.69,-0.5427017,-0.4163589,0.9590606
0.695,-0.5468903,-0.4163589,0.9632492
0.7,-0.5385132,-0.4142532,0.9527664
0.705,-0.5427017,-0.3764038,0.9191055
0.71,-0.5385132,-0.3974304,0.9359436
0.715,-0.5427017,-0.4079437,0.9506454
0.72,-0.5385132,-0.3827133,0.9212265
0.725,-0.5322266,-0.3974304,0.929657
0.73,-0.5385132,-0.4079437,0.9464569
0.735,-0.5343246,-0.4163589,0.9506835
0.74,-0.5343246,-0.4100494,0.944374
0.745,-0.5343246,-0.4121475,0.9464721
0.75,-0.5259399,-0.418457,0.9443969
0.755,-0.5406036,-0.4205627,0.9611663
0.76,-0.5343246,-0.418457,0.9527816
0.765,-0.5364151,-0.4142532,0.9506683
0.77,-0.5343246,-0.4142532,0.9485778
0.775,-0.5468903,-0.4205627,0.967453
0.78,-0.5406036,-0.4205627,0.9611663
0.785,-0.5427017,-0.4142532,0.9569549
0.79,-0.5385132,-0.418457,0.9569702
0.795,-0.5364151,-0.4121475,0.9485626
0.8,-0.5385132,-0.4163589,0.9548721
0.805,-0.5364151,-0.4205627,0.9569778
0.81,-0.5364151,-0.3995361,0.9359512
0.815,-0.5385132,-0.4100494,0.9485626
0.82,-0.5406036,-0.4142532,0.9548568
0.825,-0.5343246,-0.4226608,0.9569854
0.83,-0.5406036,-0.4247665,0.9653701
0.835,-0.5489883,-0.4205627,0.969551
0.84,-0.5406036,-0.3848114,0.925415
0.845,-0.5364151,-0.3974304,0.9338455
0.85,-0.5322266,-0.4100494,0.942276
0.855,-0.5322266,-0.4079437,0.9401703
0.86,-0.5385132,-0.4121475,0.9506607
0.865,-0.5385132,-0.4226608,0.961174
0.87,-0.5406036,-0.4226608,0.9632644
0.875,-0.5406036,-0.418457,0.9590606
0.88,-0.5343246,-0.4226608,0.9569854
0.885,-0.5447998,-0.4226608,0.9674606
0.89,-0.5447998,-0.4247665,0.9695663
0.895,-0.5468903,-0.4268723,0.9737626
0.9,-0.5510864,-0.4205627,0.9716491
0.905,-0.5427017,-0.4226608,0.9653625
0.91,-0.5385132,-0.4142532,0.9527664
0.915,-0.5447998,-0.3785019,0.9233017
0.92,-0.5468903,-0.3995361,0.9464264
0.925,-0.5531769,-0.4121475,0.9653244
0.93,-0.5427017,-0.3848114,0.9275131
0.935,-0.5427017,-0.4037399,0.9464416
0.94,-0.5406036,-0.4142532,0.9548568
0.945,-0.5427017,-0.4205627,0.9632644
0.95,-0.5427017,-0.418457,0.9611587
0.955,-0.5468903,-0.4226608,0.9695511
0.96,-0.5531769,-0.4163589,0.9695358
0.965,-0.5468903,-0.4268723,0.9737626
0.97,-0.5385132,-0.4289703,0.9674835
0.975,-0.5385132,-0.4331818,0.971695
0.98,-0.5468903,-0.4289703,0.9758606
0.985,-0.5489883,-0.4226608,0.9716491
0.99,-0.5447998,-0.4205627,0.9653625
0.995,-0.5447998,-0.4163589,0.9611587
1,-0.5489883,-0.4163589,0.9653472
1.005,-0.5447998,-0.4226608,0.9674606
1.01,-0.5510864,-0.4205627,0.9716491
1.015,-0.555275,-0.4205627,0.9758377
1.02,-0.5510864,-0.3700943,0.9211807
1.025,-0.5427017,-0.3974304,0.9401321
1.03,-0.5447998,-0.3995361,0.9443359
1.035,-0.5447998,-0.418457,0.9632568
1.04,-0.555275,-0.4205627,0.9758377
1.045,-0.5385132,-0.431076,0.9695892
1.05,-0.5385132,-0.4205627,0.9590759
1.055,-0.5427017,-0.4226608,0.9653625
1.06,-0.5364151,-0.418457,0.9548721
1.065,-0.5385132,-0.418457,0.9569702
1.07,-0.5427017,-0.4100494,0.9527511
1.075,-0.5406036,-0.4247665,0.9653701
1.08,-0.5489883,-0.4163589,0.9653472
1.085,-0.555275,-0.4226608,0.9779358
1.09,-0.5406036,-0.418457,0.9590606
1.095,-0.5468903,-0.418457,0.9653473
1.1,-0.5447998,-0.4163589,0.9611587
1.105,-0.5427017,-0.4205627,0.9632644
1.11,-0.5427017,-0.3974304,0.9401321
1.115,-0.5343246,-0.3995361,0.9338607
1.12,-0.5364151,-0.4016342,0.9380493
1.125,-0.5343246,-0.3890228,0.9233474
1.13,-0.5385132,-0.4016342,0.9401474
1.135,-0.5427017,-0.4205627,0.9632644
1.14,-0.5364151,-0.4100494,0.9464645
1.145,-0.5468903,-0.4100494,0.9569397
1.15,-0.5364151,-0.4268723,0.9632874
1.155,-0.5343246,-0.4226608,0.9569854
1.16,-0.5385132,-0.418457,0.9569702
1.165,-0.5217514,-0.418457,0.9402084
1.17,-0.5364151,-0.4247665,0.9611816
1.175,-0.5322266,-0.4247665,0.9569931
1.18,-0.5364151,-0.4226608,0.9590759
1.185,-0.5364151,-0.4205627,0.9569778
1.19,-0.5385132,-0.4247665,0.9632797
1.195,-0.5447998,-0.4268723,0.9716721
1.2,-0.5447998,-0.4268723,0.9716721
1.205,-0.5468903,-0.4289703,0.9758606
1.21,-0.5406036,-0.4247665,0.9653701
1.215,-0.5385132,-0.4268723,0.9653855
1.22,-0.5406036,-0.4163589,0.9569625
1.225,-0.5343246,-0.4205627,0.9548873
1.23,-0.5301285,-0.3658905,0.896019
1.235,-0.5343246,-0.3700943,0.9044189
1.24,-0.5364151,-0.3953247,0.9317398
1.245,-0.5322266,-0.4037399,0.9359665
1.25,-0.5301285,-0.4205627,0.9506912
1.255,-0.5322266,-0.4121475,0.9443741
1.26,-0.5406036,-0.4121475,0.9527511
1.265,-0.5406036,-0.4163589,0.9569625
1.27,-0.5322266,-0.4247665,0.9569931
1.275,-0.5259399,-0.4142532,0.9401931
1.28,-0.5343246,-0.4142532,0.9485778
1.285,-0.5364151,-0.4142532,0.9506683
1.29,-0.5385132,-0.4142532,0.9527664
1.295,-0.5364151,-0.4163589,0.952774
1.3,-0.5447998,-0.418457,0.9632568
1.305,-0.5364151,-0.4247665,0.9611816
1.31,-0.5427017,-0.4142532,0.9569549
1.315,-0.5427017,-0.4247665,0.9674682
1.32,-0.5259399,-0.3995361,0.925476
1.325,-0.5343246,-0.4037399,0.9380645
1.33,-0.528038,-0.4100494,0.9380874
1.335,-0.528038,-0.3953247,0.9233627
1.34,-0.5343246,-0.3890228,0.9233474
1.345,-0.5385132,-0.4079437,0.9464569
1.35,-0.528038,-0.405838,0.933876
1.355,-0.5447998,-0.4268723,0.9716721
1.36,-0.5447998,-0.4163589,0.9611587
1.365,-0.5364151,-0.4226608,0.9590759
1.37,-0.5447998,-0.4268723,0.9716721
1.375,-0.5322266,-0.4205627,0.9527893
1.38,-0.5322266,-0.4226608,0.9548874
1.385,-0.5531769,-0.4163589,0.9695358
1.39,-0.5406036,-0.4205627,0.9611663
1.395,-0.555275,-0.4205627,0.9758377
1.4,-0.5447998,-0.4142532,0.959053
1.405,-0.5406036,-0.4205627,0.9611663
1.41,-0.5447998,-0.3806076,0.9254074
1.415,-0.5322266,-0.3974304,0.929657
1.42,-0.5385132,-0.4121475,0.9506607
1.425,-0.5364151,-0.4142532,0.9506683
1.43,-0.5510864,-0.4121475,0.9632339
1.435,-0.5364151,-0.4226608,0.9590759
1.44,-0.5447998,-0.418457,0.9632568
1.445,-0.5322266,-0.3700943,0.9023209
1.45,-0.5427017,-0.3932266,0.9359283
1.455,-0.5322266,-0.4121475,0.9443741
1.46,-0.5406036,-0.4205627,0.9611663
1.465,-0.5468903,-0.4142532,0.9611435
1.47,-0.5385132,-0.4142532,0.9527664
1.475,-0.5510864,-0.418457,0.9695434
1.48,-0.5385132,-0.4142532,0.9527664
1.485,-0.5364151,-0.4142532,0.9506683
1.49,-0.5427017,-0.4205627,0.9632644
1.495,-0.5364151,-0.4121475,0.9485626
1.5,-0.5427017,-0.4100494,0.9527511
1.505,-0.5406036,-0.4079437,0.9485473
1.51,-0.5427017,-0.4163589,0.9590606
1.515,-0.5343246,-0.4247665,0.9590911
1.52,-0.5385132,-0.4247665,0.9632797
1.525,-0.5510864,-0.4268723,0.9779587
1.53,-0.5406036,-0.4100494,0.950653
1.535,-0.5489883,-0.418457,0.9674453
1.54,-0.5385132,-0.4226608,0.961174
1.545,-0.5343246,-0.4247665,0.9590911
1.55,-0.5385132,-0.4289703,0.9674835
1.555,-0.5468903,-0.3764038,0.9232941
1.56,-0.5468903,-0.3932266,0.9401169
1.565,-0.5385132,-0.4142532,0.9527664
1.57,-0.5427017,-0.418457,0.9611587
1.575,-0.5322266,-0.4226608,0.9548874
1.58,-0.5406036,-0.4268723,0.9674759
1.585,-0.5468903,-0.4289703,0.9758606
1.59,-0.5301285,-0.4247665,0.954895
1.595,-0.5489883,-0.4247665,0.9737548
1.6,-0.5364151,-0.4268723,0.9632874
1.605,-0.5322266,-0.4268723,0.9590989
1.61,-0.5364151,-0.418457,0.9548721
1.615,-0.5364151,-0.4121475,0.9485626
1.62,-0.5343246,-0.3806076,0.9149322
1.625,-0.5385132,-0.3995361,0.9380493
1.63,-0.5427017,-0.405838,0.9485397
1.635,-0.5468903,-0.4100494,0.9569397
1.64,-0.5468903,-0.4079437,0.954834
1.645,-0.5406036,-0.4121475,0.9527511
1.65,-0.5427017,-0.4142532,0.9569549
1.655,-0.5427017,-0.4163589,0.9590606
1.66,-0.5468903,-0.3995361,0.9464264
1.665,-0.5489883,-0.3953247,0.944313
1.67,-0.5427017,-0.4121475,0.9548492
1.675,-0.5447998,-0.4205627,0.9653625
1.68,-0.5364151,-0.4205627,0.9569778
1.685,-0.5406036,-0.4226608,0.9632644
1.69,-0.5468903,-0.4226608,0.9695511
1.695,-0.5238419,-0.4205627,0.9444046
1.7,-0.5322266,-0.4289703,0.9611969
1.705,-0.5364151,-0.4226608,0.9590759
1.71,-0.5322266,-0.4037399,0.9359665
1.715,-0.5427017,-0.4163589,0.9590606
1.72,-0.5322266,-0.4268723,0.9590989
1.725,-0.5385132,-0.4226608,0.961174
1.73,-0.5385132,-0.418457,0.9569702
1.735,-0.5447998,-0.4205627,0.9653625
1.74,-0.5427017,-0.4121475,0.9548492
1.745,-0.5301285,-0.4163589,0.9464874
1.75,-0.5301285,-0.4163589,0.9464874
1.755,-0.5385132,-0.4247665,0.9632797
1.76,-0.5406036,-0.418457,0.9590606
1.765,-0.5364151,-0.4163589,0.952774
1.77,-0.5364151,-0.4142532,0.9506683
1.775,-0.5385132,-0.418457,0.9569702
1.78,-0.5301285,-0.4226608,0.9527893
1.785,-0.5468903,-0.4142532,0.9611435
1.79,-0.5385132,-0.4226608,0.961174
1.795,-0.5343246,-0.4226608,0.9569854
1.8,-0.5343246,-0.418457,0.9527816
1.805,-0.528038,-0.4163589,0.9443969
1.81,-0.528038,-0.4247665,0.9528045
1.815,-0.5447998,-0.4205627,0.9653625
1.82,-0.5364151,-0.418457,0.9548721
1.825,-0.5343246,-0.418457,0.9527816
1.83,-0.5259399,-0.3953247,0.9212646
1.835,-0.5301285,-0.3995361,0.9296646
1.84,-0.5343246,-0.4205627,0.9548873
1.845,-0.5364151,-0.418457,0.9548721
1.85,-0.5385132,-0.418457,0.9569702
1.855,-0.5447998,-0.4226608,0.9674606
1.86,-0.5427017,-0.4226608,0.9653625
1.865,-0.5364151,-0.4394836,0.9758987
1.87,-0.5364151,-0.3890228,0.9254379
1.875,-0.5427017,-0.4037399,0.9464416
1.88,-0.5489883,-0.4100494,0.9590377
1.885,-0.5468903,-0.4226608,0.9695511
1.89,-0.5322266,-0.418457,0.9506836
1.895,-0.5343246,-0.4226608,0.9569854
1.9,-0.5343246,-0.4289703,0.9632949
1.905,-0.5343246,-0.418457,0.9527816
1.91,-0.5217514,-0.4247665,0.9465179
1.915,-0.5238419,-0.4289703,0.9528122
1.92,-0.528038,-0.4121475,0.9401855
1.925,-0.5238419,-0.4205627,0.9444046
1.93,-0.5259399,-0.4205627,0.9465026
1.935,-0.5238419,-0.418457,0.9422989
1.94,-0.528038,-0.4247665,0.9528045
1.945,-0.528038,-0.418457,0.946495
1.95,-0.5343246,-0.4121475,0.9464721
1.955,-0.5447998,-0.4142532,0.959053
1.96,-0.5364151,-0.418457,0.9548721
1.965,-0.5427017,-0.4268723,0.969574
1.97,-0.5447998,-0.418457,0.9632568
1.975,-0.5385132,-0.4142532,0.9527664
1.98,-0.5531769,-0.3700943,0.9232712
1.985,-0.5447998,-0.3848114,0.9296112
1.99,-0.5468903,-0.4016342,0.9485245
1.995,-0.5427017,-0.4079437,0.9506454
2,-0.5447998,-0.4100494,0.9548492
2.005,-0.5468903,-0.4205627,0.967453
2.01,-0.5385132,-0.3932266,0.9317398
2.015,-0.5301285,-0.4037399,0.9338684
2.02,-0.5364151,-0.405838,0.9422531
2.025,-0.5447998,-0.4100494,0.9548492
2.03,-0.5385132,-0.4205627,0.9590759
2.035,-0.5364151,-0.4163589,0.952774
2.04,-0.5489883,-0.4142532,0.9632415
2.045,-0.5385132,-0.4142532,0.9527664
2.05,-0.5489883,-0.4205627,0.969551
2.055,-0.5385132,-0.4226608,0.961174
2.06,-0.5406036,-0.4205627,0.9611663
2.065,-0.5343246,-0.4142532,0.9485778
2.07,-0.5427017,-0.4289703,0.971672
2.075,-0.5406036,-0.4247665,0.9653701
2.08,-0.5259399,-0.4163589,0.9422988
2.085,-0.5364151,-0.405838,0.9422531
2.09,-0.5427017,-0.3911209,0.9338226
2.095,-0.5364151,-0.4100494,0.9464645
2.1,-0.5343246,-0.4142532,0.9485778
2.105,-0.5406036,-0.4205627,0.9611663
2.11,-0.5468903,-0.4121475,0.9590378
2.115,-0.5301285,-0.4205627,0.9506912
2.12,-0.5301285,-0.4268723,0.9570008
2.125,-0.5322266,-0.4205627,0.9527893
2.13,-0.5406036,-0.4142532,0.9548568
2.135,-0.5343246,-0.418457,0.9527816
2.14,-0.528038,-0.418457,0.946495
2.145,-0.5343246,-0.4205627,0.9548873
2.15,-0.5447998,-0.4289703,0.9737701
2.155,-0.528038,-0.418457,0.946495
2.16,-0.528038,-0.4226608,0.9506988
2.165,-0.5364151,-0.4205627,0.9569778
2.17,-0.5364151,-0.4226608,0.9590759
2.175,-0.5364151,-0.4247665,0.9611816
2.18,-0.5301285,-0.4289703,0.9590988
2.185,-0.5343246,-0.4289703,0.9632949
2.19,-0.5427017,-0.3869171,0.9296188
2.195,-0.5385132,-0.3995361,0.9380493
2.2,-0.5364151,-0.4100494,0.9464645
2.205,-0.528038,-0.4142532,0.9422912
2.21,-0.5343246,-0.4226608,0.9569854
2.215,-0.5322266,-0.4247665,0.9569931
2.22,-0.5238419,-0.3932266,0.9170685
2.225,-0.528038,-0.4037399,0.9317779
2.23,-0.5343246,-0.4079437,0.9422683
2.235,-0.528038,-0.4226608,0.9506988
2.24,-0.5322266,-0.4121475,0.9443741
2.245,-0.5385132,-0.4205627,0.9590759
2.25,-0.5406036,-0.4100494,0.950653
2.255,-0.5385132,-0.4142532,0.9527664
2.26,-0.5238419,-0.418457,0.9422989
2.265,-0.5322266,-0.418457,0.9506836
2.27,-0.528038,-0.418457,0.946495
2.275,-0.5322266,-0.4289703,0.9611969
2.28,-0.5322266,-0.4226608,0.9548874
2.285,-0.528038,-0.4268723,0.9549103
2.29,-0.528038,-0.418457,0.946495
2.295,-0.5301285,-0.4079437,0.9380722
2.3,-0.5322266,-0.3953247,0.9275513
2.305,-0.528038,-0.4016342,0.9296722
2.31,-0.5175552,-0.3974304,0.9149856
2.315,-0.5217514,-0.4100494,0.9318008
2.32,-0.5343246,-0.4121475,0.9464721
2.325,-0.5364151,-0.4121475,0.9485626
2.33,-0.528038,-0.418457,0.946495
2.335,-0.5196533,-0.4205627,0.940216
2.34,-0.5175552,-0.4163589,0.9339141
2.345,-0.5259399,-0.4142532,0.9401931
2.35,-0.5217514,-0.4163589,0.9381103
2.355,-0.5343246,-0.4205627,0.9548873
2.36,-0.528038,-0.4163589,0.9443969
2.365,-0.5322266,-0.418457,0.9506836
2.37,-0.5301285,-0.4205627,0.9506912
2.375,-0.5364151,-0.418457,0.9548721
2.38,-0.5301285,-0.4226608,0.9527893
2.385,-0.5301285,-0.4247665,0.954895
2.39,-0.5301285,-0.4205627,0.9506912
2.395,-0.5238419,-0.418457,0.9422989
2.4,-0.5322266,-0.4121475,0.9443741
2.405,-0.528038,-0.3932266,0.9212646
2.41,-0.5238419,-0.3869171,0.910759
2.415,-0.5217514,-0.4016342,0.9233856
2.42,-0.5238419,-0.4100494,0.9338913
2.425,-0.5217514,-0.4142532,0.9360046
2.43,-0.528038,-0.3953247,0.9233627
2.435,-0.5301285,-0.4037399,0.9338684
2.44,-0.5154648,-0.4037399,0.9192047
2.445,-0.528038,-0.4079437,0.9359817
2.45,-0.5301285,-0.4016342,0.9317627
2.455,-0.5196533,-0.4037399,0.9233932
2.46,-0.5217514,-0.4163589,0.9381103
2.465,-0.5196533,-0.4163589,0.9360122
2.47,-0.528038,-0.4226608,0.9506988
2.475,-0.5427017,-0.4247665,0.9674682
2.48,-0.5217514,-0.418457,0.9402084
2.485,-0.5259399,-0.418457,0.9443969
2.49,-0.5238419,-0.4100494,0.9338913
2.495,-0.5217514,-0.4142532,0.9360046
2.5,-0.5217514,-0.4121475,0.9338989
2.505,-0.528038,-0.418457,0.946495
2.51,-0.5217514,-0.4205627,0.9423141
2.515,-0.5238419,-0.418457,0.9422989
2.52,-0.5175552,-0.3827133,0.9002685
2.525,-0.528038,-0.4037399,0.9317779
2.53,-0.5196533,-0.4121475,0.9318008
2.535,-0.5238419,-0.4268723,0.9507142
2.54,-0.5196533,-0.418457,0.9381103
2.545,-0.5259399,-0.418457,0.9443969
2.55,-0.5322266,-0.4163589,0.9485855
2.555,-0.5133667,-0.4079437,0.9213104
2.56,-0.5175552,-0.418457,0.9360122
2.565,-0.5175552,-0.418457,0.9360122
2.57,-0.5238419,-0.4121475,0.9359894
2.575,-0.5217514,-0.4100494,0.9318008
2.58,-0.5154648,-0.405838,0.9213028
2.585,-0.5154648,-0.4079437,0.9234085
2.59,-0.5238419,-0.4142532,0.9380951
2.595,-0.5259399,-0.4163589,0.9422988
2.6,-0.5259399,-0.4121475,0.9380874
2.605,-0.5196533,-0.4121475,0.9318008
2.61,-0.5070801,-0.3806076,0.8876877
2.615,-0.5112686,-0.3953247,0.9065933
2.62,-0.5217514,-0.4079437,0.9296951
2.625,-0.5259399,-0.3679886,0.8939285
2.63,-0.5259399,-0.3848114,0.9107513
2.635,-0.5196533,-0.3974304,0.9170837
2.64,-0.5154648,-0.3974304,0.9128952
2.645,-0.5133667,-0.4100494,0.9234161
2.65,-0.5112686,-0.4079437,0.9192123
2.655,-0.5091782,-0.4100494,0.9192276
2.66,-0.5154648,-0.405838,0.9213028
2.665,-0.5217514,-0.4016342,0.9233856
2.67,-0.5196533,-0.405838,0.9254913
2.675,-0.5196533,-0.405838,0.9254913
2.68,-0.5217514,-0.4079437,0.9296951
2.685,-0.528038,-0.4142532,0.9422912
2.69,-0.5238419,-0.4100494,0.9338913
2.695,-0.5322266,-0.4121475,0.9443741
2.7,-0.5259399,-0.4016342,0.9275741
2.705,-0.5238419,-0.4079437,0.9317856
2.71,-0.5196533,-0.4121475,0.9318008
2.715,-0.5217514,-0.4121475,0.9338989
2.72,-0.528038,-0.4163589,0.9443969
2.725,-0.5238419,-0.4079437,0.9317856
2.73,-0.5112686,-0.3742981,0.8855667
2.735,-0.5175552,-0.3974304,0.9149856
2.74,-0.5175552,-0.4100494,0.9276046
2.745,-0.5322266,-0.418457,0.9506836
2.75,-0.5175552,-0.4142532,0.9318084
2.755,-0.5091782,-0.4163589,0.9255371
2.76,-0.5175552,-0.418457,0.9360122
2.765,-0.5112686,-0.4142532,0.9255218
2.77,-0.5217514,-0.4100494,0.9318008
2.775,-0.5196533,-0.4142532,0.9339065
2.78,-0.5196533,-0.418457,0.9381103
2.785,-0.5196533,-0.4142532,0.9339065
2.79,-0.5238419,-0.4100494,0.9338913
2.795,-0.5154648,-0.4079437,0.9234085
2.8,-0.528038,-0.4142532,0.9422912
2.805,-0.528038,-0.4142532,0.9422912
2.81,-0.5196533,-0.4163589,0.9360122
2.815,-0.5196533,-0.418457,0.9381103
2.82,-0.5112686,-0.3911209,0.9023895
2.825,-0.5217514,-0.4037399,0.9254913
2.83,-0.5238419,-0.4037399,0.9275818
2.835,-0.5154648,-0.3827133,0.8981781
2.84,-0.5238419,-0.3953247,0.9191666
2.845,-0.5196533,-0.4037399,0.9233932
2.85,-0.5217514,-0.4016342,0.9233856
2.855,-0.5217514,-0.4163589,0.9381103
2.86,-0.5133667,-0.4142532,0.9276199
2.865,-0.5217514,-0.4142532,0.9360046
2.87,-0.528038,-0.4100494,0.9380874
2.875,-0.5238419,-0.4121475,0.9359894
2.88,-0.5217514,-0.405838,0.9275894
2.885,-0.5175552,-0.4121475,0.9297027
2.89,-0.5217514,-0.4142532,0.9360046
2.895,-0.5154648,-0.4037399,0.9192047
2.9,-0.528038,-0.4037399,0.9317779
2.905,-0.5301285,-0.4142532,0.9443817
2.91,-0.5238419,-0.3806076,0.9044495
2.915,-0.5196533,-0.3953247,0.914978
2.92,-0.5238419,-0.4037399,0.9275818
2.925,-0.5175552,-0.3995361,0.9170913
2.93,-0.5259399,-0.4037399,0.9296798
2.935,-0.5259399,-0.3700943,0.8960342
2.94,-0.5175552,-0.3911209,0.9086761
2.945,-0.5175552,-0.3932266,0.9107818
2.95,-0.5259399,-0.4037399,0.9296798
2.955,-0.528038,-0.4079437,0.9359817
2.96,-0.5238419,-0.405838,0.9296799
2.965,-0.5238419,-0.4142532,0.9380951
2.97,-0.5259399,-0.405838,0.9317779
2.975,-0.5259399,-0.4163589,0.9422988
2.98,-0.5322266,-0.4121475,0.9443741
2.985,-0.5364151,-0.4037399,0.940155
2.99,-0.5385132,-0.418457,0.9569702
2.995,-0.5406036,-0.418457,0.9590606
3,-0.5322266,-0.418457,0.9506836
3.005,-0.5364151,-0.4142532,0.9506683
3.01,-0.5301285,-0.4163589,0.9464874
3.015,-0.528038,-0.405838,0.933876
3.02,-0.5259399,-0.405838,0.9317779
3.025,-0.5259399,-0.405838,0.9317779
3.03,-0.5196533,-0.3911209,0.9107742
3.035,-0.528038,-0.3890228,0.9170608
3.04,-0.5238419,-0.4037399,0.9275818
3.045,-0.528038,-0.3700943,0.8981323
3.05,-0.5217514,-0.3890228,0.9107742
3.055,-0.528038,-0.3974304,0.9254684
3.06,-0.5259399,-0.4037399,0.9296798
3.065,-0.5259399,-0.4121475,0.9380874
3.07,-0.5385132,-0.4142532,0.9527664
3.075,-0.5259399,-0.4121475,0.9380874
3.08,-0.528038,-0.4121475,0.9401855
3.085,-0.5238419,-0.4121475,0.9359894
3.09,-0.5217514,-0.4100494,0.9318008
3.095,-0.5238419,-0.4100494,0.9338913
3.1,-0.5259399,-0.4142532,0.9401931
3.105,-0.5217514,-0.4079437,0.9296951
3.11,-0.5217514,-0.4121475,0.9338989
3.115,-0.5238419,-0.4226608,0.9465027
3.12,-0.5217514,-0.3806076,0.902359
3.125,-0.528038,-0.3953247,0.9233627
3.13,-0.5259399,-0.4016342,0.9275741
3.135,-0.5322266,-0.4079437,0.9401703
3.14,-0.528038,-0.4037399,0.9317779
3.145,-0.5343246,-0.4079437,0.9422683
3.15,-0.5385132,-0.4142532,0.9527664
3.155,-0.528038,-0.4100494,0.9380874
3.16,-0.5238419,-0.4142532,0.9380951
3.165,-0.5259399,-0.4079437,0.9338836
3.17,-0.5238419,-0.4079437,0.9317856
3.175,-0.528038,-0.4121475,0.9401855
3.18,-0.5217514,-0.4163589,0.9381103
3.185,-0.5154648,-0.418457,0.9339218
3.19,-0.5175552,-0.418457,0.9360122
3.195,-0.5217514,-0.4226608,0.9444122
3.2,-0.528038,-0.4205627,0.9486007
3.205,-0.5217514,-0.4205627,0.9423141
3.21,-0.5175552,-0.3995361,0.9170913
3.215,-0.5196533,-0.4163589,0.9360122
3.22,-0.5301285,-0.4205627,0.9506912
3.225,-0.5322266,-0.4226608,0.9548874
3.23,-0.5217514,-0.4121475,0.9338989
3.235,-0.5238419,-0.418457,0.9422989
3.24,-0.5238419,-0.4121475,0.9359894
3.245,-0.5154648,-0.418457,0.9339218
3.25,-0.5259399,-0.4163589,0.9422988
3.255,-0.5217514,-0.3785019,0.9002533
3.26,-0.5217514,-0.3848114,0.9065628
3.265,-0.5238419,-0.3911209,0.9149628
3.27,-0.5301285,-0.3932266,0.9233551
3.275,-0.5322266,-0.405838,0.9380646
3.28,-0.5259399,-0.4163589,0.9422988
3.285,-0.5259399,-0.4142532,0.9401931
3.29,-0.5259399,-0.4142532,0.9401931
3.295,-0.5322266,-0.4163589,0.9485855
3.3,-0.5301285,-0.4121475,0.942276
3.305,-0.528038,-0.4163589,0.9443969
3.31,-0.5238419,-0.4205627,0.9444046
3.315,-0.5385132,-0.4100494,0.9485626
3.32,-0.5343246,-0.4100494,0.944374
3.325,-0.528038,-0.4163589,0.9443969
3.33,-0.5259399,-0.3911209,0.9170608
3.335,-0.5322266,-0.4037399,0.9359665
3.34,-0.5343246,-0.4079437,0.9422683
3.345,-0.5238419,-0.4142532,0.9380951
3.35,-0.5343246,-0.4100494,0.944374
3.355,-0.5259399,-0.4121475,0.9380874
3.36,-0.5364151,-0.4100494,0.9464645
3.365,-0.5322266,-0.4142532,0.9464798
3.37,-0.5343246,-0.4121475,0.9464721
3.375,-0.5301285,-0.418457,0.9485855
3.38,-0.5385132,-0.4142532,0.9527664
3.385,-0.5259399,-0.418457,0.9443969
3.39,-0.5217514,-0.4205627,0.9423141
3.395,-0.5238419,-0.4079437,0.9317856
3.4,-0.5301285,-0.418457,0.9485855
3.405,-0.5322266,-0.4121475,0.9443741
3.41,-0.5301285,-0.4142532,0.9443817
3.415,-0.5343246,-0.4121475,0.9464721
3.42,-0.5301285,-0.4037399,0.9338684
3.425,-0.5238419,-0.4037399,0.9275818
3.43,-0.5259399,-0.4142532,0.9401931
3.435,-0.528038,-0.4079437,0.9359817
3.44,-0.5364151,-0.4100494,0.9464645
3.445,-0.5343246,-0.418457,0.9527816
3.45,-0.528038,-0.4142532,0.9422912
3.455,-0.5238419,-0.4163589,0.9402008
3.46,-0.5343246,-0.4163589,0.9506835
3.465,-0.5301285,-0.3848114,0.9149399
3.47,-0.5238419,-0.3953247,0.9191666
3.475,-0.528038,-0.405838,0.933876
3.48,-0.5217514,-0.4037399,0.9254913
3.485,-0.5259399,-0.4079437,0.9338836
3.49,-0.5301285,-0.4037399,0.9338684
3.495,-0.5175552,-0.4121475,0.9297027
3.5,-0.5196533,-0.4121475,0.9318008
3.505,-0.5238419,-0.4100494,0.9338913
3.51,-0.5259399,-0.3890228,0.9149627
3.515,-0.5238419,-0.4037399,0.9275818
3.52,-0.5343246,-0.405838,0.9401626
3.525,-0.5217514,-0.405838,0.9275894
3.53,-0.5217514,-0.4100494,0.9318008
3.535,-0.5217514,-0.4121475,0.9338989
3.54,-0.5322266,-0.4121475,0.9443741
3.545,-0.528038,-0.405838,0.933876
3.55,-0.5364151,-0.4121475,0.9485626
3.555,-0.5322266,-0.4205627,0.9527893
3.56,-0.5301285,-0.418457,0.9485855
3.565,-0.5301285,-0.3806076,0.9107361
3.57,-0.5238419,-0.3827133,0.9065552
3.575,-0.5259399,-0.3995361,0.925476
3.58,-0.5343246,-0.4037399,0.9380645
3.585,-0.528038,-0.405838,0.933876
3.59,-0.5343246,-0.4079437,0.9422683
3.595,-0.528038,-0.4079437,0.9359817
3.6,-0.5196533,-0.4121475,0.9318008
3.605,-0.5238419,-0.4163589,0.9402008
3.61,-0.5364151,-0.4247665,0.9611816
3.615,-0.5364151,-0.4247665,0.9611816
3.62,-0.5196533,-0.4205627,0.940216
3.625,-0.5259399,-0.418457,0.9443969
3.63,-0.5217514,-0.3890228,0.9107742
3.635,-0.5259399,-0.3995361,0.925476
3.64,-0.5301285,-0.4100494,0.9401779
3.645,-0.5196533,-0.4100494,0.9297027
3.65,-0.5238419,-0.4163589,0.9402008
3.655,-0.5259399,-0.418457,0.9443969
3.66,-0.528038,-0.418457,0.946495
3.665,-0.5259399,-0.4226608,0.9486007
3.67,-0.5238419,-0.418457,0.9422989
3.675,-0.528038,-0.3953247,0.9233627
3.68,-0.5301285,-0.3995361,0.9296646
3.685,-0.5217514,-0.4037399,0.9254913
3.69,-0.5301285,-0.418457,0.9485855
3.695,-0.5259399,-0.4163589,0.9422988
3.7,-0.5217514,-0.4163589,0.9381103
3.705,-0.5133667,-0.4205627,0.9339294
3.71,-0.5196533,-0.418457,0.9381103
3.715,-0.5301285,-0.4121475,0.942276
3.72,-0.5196533,-0.3932266,0.9128799
3.725,-0.5175552,-0.4121475,0.9297027
3.73,-0.528038,-0.4142532,0.9422912
3.735,-0.5301285,-0.4226608,0.9527893
3.74,-0.5175552,-0.4121475,0.9297027
3.745,-0.5196533,-0.4142532,0.9339065
3.75,-0.5196533,-0.4142532,0.9339065
3.755,-0.5154648,-0.4100494,0.9255142
3.76,-0.5238419,-0.4142532,0.9380951
3.765,-0.528038,-0.4247665,0.9528045
3.77,-0.5196533,-0.4226608,0.9423141
3.775,-0.528038,-0.4163589,0.9443969
3.78,-0.5259399,-0.3827133,0.9086532
3.785,-0.5259399,-0.3911209,0.9170608
3.79,-0.5238419,-0.4037399,0.9275818
3.795,-0.5301285,-0.4037399,0.9338684
3.8,-0.5217514,-0.4142532,0.9360046
3.805,-0.5238419,-0.4163589,0.9402008
3.81,-0.5091782,-0.3742981,0.8834763
3.815,-0.5154648,-0.3953247,0.9107895
3.82,-0.5217514,-0.4037399,0.9254913
3.825,-0.5259399,-0.3974304,0.9233703
3.83,-0.5217514,-0.4121475,0.9338989
3.835,-0.5196533,-0.4121475,0.9318008
3.84,-0.5322266,-0.405838,0.9380646
3.845,-0.5343246,-0.4142532,0.9485778
3.85,-0.528038,-0.4163589,0.9443969
3.855,-0.5322266,-0.4163589,0.9485855
3.86,-0.5238419,-0.4205627,0.9444046
3.865,-0.5406036,-0.4121475,0.9527511
3.87,-0.528038,-0.418457,0.946495
3.875,-0.5238419,-0.418457,0.9422989
3.88,-0.5196533,-0.4205627,0.940216
3.885,-0.5259399,-0.3827133,0.9086532
3.89,-0.5259399,-0.3974304,0.9233703
3.895,-0.5154648,-0.418457,0.9339218
3.9,-0.5196533,-0.4142532,0.9339065
3.905,-0.5154648,-0.4163589,0.9318237
3.91,-0.5238419,-0.4205627,0.9444046
3.915,-0.5259399,-0.418457,0.9443969
3.92,-0.5175552,-0.4247665,0.9423217
3.925,-0.5196533,-0.4163589,0.9360122
3.93,-0.5154648,-0.3974304,0.9128952
3.935,-0.5196533,-0.3995361,0.9191894
3.94,-0.5154648,-0.4079437,0.9234085
3.945,-0.5196533,-0.418457,0.9381103
3.95,-0.5238419,-0.4163589,0.9402008
3.955,-0.5301285,-0.418457,0.9485855
3.96,-0.528038,-0.4121475,0.9401855
3.965,-0.528038,-0.4079437,0.9359817
3.97,-0.5259399,-0.4142532,0.9401931
3.975,-0.5238419,-0.4100494,0.9338913
3.98,-0.528038,-0.4226608,0.9506988
3.985,-0.5217514,-0.4205627,0.9423141
3.99,-0.5259399,-0.3785019,0.9044418
3.995,-0.5259399,-0.3911209,0.9170608
4,-0.5238419,-0.4037399,0.9275818
4.005,-0.5322266,-0.4121475,0.9443741
4.01,-0.5259399,-0.4121475,0.9380874
4.015,-0.5217514,-0.4121475,0.9338989
4.02,-0.5217514,-0.3869171,0.9086685
4.025,-0.5175552,-0.3911209,0.9086761
4.03,-0.5196533,-0.4079437,0.927597
4.035,-0.528038,-0.418457,0.946495
4.04,-0.528038,-0.4100494,0.9380874
4.045,-0.528038,-0.4163589,0.9443969
4.05,-0.5238419,-0.4079437,0.9317856
4.055,-0.5238419,-0.405838,0.9296799
4.06,-0.5385132,-0.4079437,0.9464569
4.065,-0.5364151,-0.405838,0.9422531
4.07,-0.5259399,-0.4121475,0.9380874
4.075,-0.5322266,-0.418457,0.9506836
4.08,-0.5217514,-0.4142532,0.9360046
4.085,-0.5091782,-0.4079437,0.9171219
4.09,-0.528038,-0.3679886,0.8960266
4.095,-0.5259399,-0.3848114,0.9107513
4.1,-0.5238419,-0.4016342,0.9254761
4.105,-0.5301285,-0.405838,0.9359665
4.11,-0.5259399,-0.3827133,0.9086532
4.115,-0.5154648,-0.3932266,0.9086914
4.12,-0.5322266,-0.405838,0.9380646
4.125,-0.5322266,-0.4037399,0.9359665
4.13,-0.5238419,-0.4121475,0.9359894
4.135,-0.5133667,-0.4121475,0.9255142
4.14,-0.5175552,-0.4100494,0.9276046
4.145,-0.5238419,-0.405838,0.9296799
4.15,-0.5175552,-0.4100494,0.9276046
4.155,-0.5154648,-0.4142532,0.929718
4.16,-0.5175552,-0.4121475,0.9297027
4.165,-0.5217514,-0.4079437,0.9296951
4.17,-0.528038,-0.4079437,0.9359817
4.175,-0.5175552,-0.4121475,0.9297027
4.18,-0.5175552,-0.4121475,0.9297027
4.185,-0.5133667,-0.418457,0.9318237
4.19,-0.5133667,-0.3995361,0.9129028
4.195,-0.5175552,-0.3890228,0.906578
4.2,-0.5175552,-0.3890228,0.906578
4.205,-0.5238419,-0.3932266,0.9170685
4.21,-0.5175552,-0.405838,0.9233932
4.215,-0.5175552,-0.4142532,0.9318084
4.22,-0.5133667,-0.4163589,0.9297256
4.225,-0.5175552,-0.4142532,0.9318084
4.23,-0.5112686,-0.3785019,0.8897705
4.235,-0.5154648,-0.4016342,0.917099
4.24,-0.5070801,-0.405838,0.9129181
4.245,-0.5091782,-0.405838,0.9150162
4.25,-0.5070801,-0.4100494,0.9171295
4.255,-0.5133667,-0.4121475,0.9255142
4.26,-0.5133667,-0.4016342,0.9150009
4.265,-0.5112686,-0.418457,0.9297256
4.27,-0.5091782,-0.4121475,0.9213257
4.275,-0.5091782,-0.4121475,0.9213257
4.28,-0.5070801,-0.4079437,0.9150238
4.285,-0.5133667,-0.4142532,0.9276199
4.29,-0.5070801,-0.4121475,0.9192276
4.295,-0.5133667,-0.4268723,0.940239
4.3,-0.5133667,-0.3722,0.8855667
4.305,-0.5196533,-0.3974304,0.9170837
4.31,-0.5196533,-0.3974304,0.9170837
4.315,-0.5175552,-0.405838,0.9233932
4.32,-0.5112686,-0.3911209,0.9023895
4.325,-0.5133667,-0.3995361,0.9129028
4.33,-0.5175552,-0.405838,0.9233932
4.335,-0.5154648,-0.4037399,0.9192047
4.34,-0.5154648,-0.405838,0.9213028
4.345,-0.5133667,-0.4121475,0.9255142
4.35,-0.5175552,-0.4079437,0.9254989
4.355,-0.5196533,-0.4163589,0.9360122
4.36,-0.5175552,-0.4163589,0.9339141
4.365,-0.5154648,-0.4163589,0.9318237
4.37,-0.5133667,-0.4142532,0.9276199
4.375,-0.5091782,-0.4100494,0.9192276
4.38,-0.5175552,-0.4079437,0.9254989
4.385,-0.5238419,-0.4100494,0.9338913
4.39,-0.5154648,-0.4079437,0.9234085
4.395,-0.5217514,-0.4100494,0.9318008
4.4,-0.5154648,-0.4100494,0.9255142
4.405,-0.5196533,-0.3806076,0.9002609
4.41,-0.5070801,-0.3574753,0.8645554
4.415,-0.5112686,-0.3848114,0.89608
4.42,-0.5154648,-0.3911209,0.9065857
4.425,-0.5217514,-0.3911209,0.9128723
4.43,-0.5217514,-0.4037399,0.9254913
4.435,-0.5238419,-0.405838,0.9296799
4.44,-0.5175552,-0.405838,0.9233932
4.445,-0.5133667,-0.405838,0.9192047
4.45,-0.5070801,-0.405838,0.9129181
4.455,-0.5070801,-0.4142532,0.9213333
4.46,-0.5175552,-0.4205627,0.9381179
4.465,-0.5217514,-0.4121475,0.9338989
4.47,-0.5196533,-0.405838,0.9254913
4.475,-0.5112686,-0.4100494,0.921318
4.48,-0.5112686,-0.4142532,0.9255218
4.485,-0.5154648,-0.4226608,0.9381256
4.49,-0.5217514,-0.4163589,0.9381103
4.495,-0.5175552,-0.4121475,0.9297027
4.5,-0.5196533,-0.4100494,0.9297027
4.505,-0.5196533,-0.3722,0.8918533
4.51,-0.528038,-0.3827133,0.9107513
4.515,-0.5196533,-0.3932266,0.9128799
4.52,-0.5133667,-0.4016342,0.9150009
4.525,-0.5133667,-0.4121475,0.9255142
4.53,-0.5196533,-0.3953247,0.914978
4.535,-0.5238419,-0.405838,0.9296799
4.54,-0.5175552,-0.4037399,0.9212951
4.545,-0.5196533,-0.4079437,0.927597
4.55,-0.5112686,-0.4079437,0.9192123
4.555,-0.5112686,-0.4100494,0.921318
4.56,-0.5133667,-0.4037399,0.9171066
4.565,-0.5112686,-0.4142532,0.9255218
4.57,-0.5133667,-0.405838,0.9192047
4.575,-0.5154648,-0.4079437,0.9234085
4.58,-0.5133667,-0.4079437,0.9213104
4.585,-0.5133667,-0.4079437,0.9213104
4.59,-0.5028915,-0.4100494,0.9129409
4.595,-0.5133667,-0.405838,0.9192047
4.6,-0.5259399,-0.4016342,0.9275741
4.605,-0.5196533,-0.4100494,0.9297027
4.61,-0.5175552,-0.3679886,0.8855438
4.615,-0.5112686,-0.3974304,0.908699
4.62,-0.5070801,-0.3764038,0.8834839
4.625,-0.5133667,-0.3932266,0.9065933
4.63,-0.5217514,-0.3995361,0.9212875
4.635,-0.5133667,-0.4205627,0.9339294
4.64,-0.5070801,-0.4079437,0.9150238
4.645,-0.5112686,-0.4163589,0.9276275
4.65,-0.5154648,-0.4100494,0.9255142
4.655,-0.5154648,-0.4121475,0.9276123
4.66,-0.5154648,-0.4121475,0.9276123
4.665,-0.5217514,-0.405838,0.9275894
4.67,-0.5112686,-0.4142532,0.9255218
4.675,-0.5091782,-0.4121475,0.9213257
4.68,-0.5049896,-0.4079437,0.9129333
4.685,-0.5154648,-0.4163589,0.9318237
4.69,-0.5028915,-0.4079437,0.9108352
4.695,-0.5049896,-0.405838,0.9108276
4.7,-0.5028915,-0.4079437,0.9108352
4.705,-0.5133667,-0.4079437,0.9213104
4.71,-0.5070801,-0.3974304,0.9045105
4.715,-0.5028915,-0.3911209,0.8940124
4.72,-0.5070801,-0.3785019,0.885582
4.725,-0.5154648,-0.3911209,0.9065857
4.73,-0.5028915,-0.4037399,0.9066314
4.735,-0.5133667,-0.4100494,0.9234161
4.74,-0.5154648,-0.4100494,0.9255142
4.745,-0.5196533,-0.4142532,0.9339065
4.75,-0.5154648,-0.4205627,0.9360275
4.755,-0.5196533,-0.418457,0.9381103
4.76,-0.5070801,-0.4121475,0.9192276
4.765,-0.5112686,-0.4100494,0.921318
4.77,-0.5154648,-0.405838,0.9213028
4.775,-0.5133667,-0.4016342,0.9150009
4.78,-0.5259399,-0.4079437,0.9338836
4.785,-0.5196533,-0.4121475,0.9318008
4.79,-0.5196533,-0.4121475,0.9318008
4.795,-0.5175552,-0.4037399,0.9212951
4.8,-0.5133667,-0.4016342,0.9150009
4.805,-0.5196533,-0.405838,0.9254913
4.81,-0.528038,-0.4142532,0.9422912
4.815,-0.5133667,-0.4163589,0.9297256
4.82,-0.5049896,-0.3806076,0.8855972
4.825,-0.5154648,-0.3911209,0.9065857
4.83,-0.5133667,-0.3827133,0.89608
4.835,-0.5112686,-0.3953247,0.9065933
4.84,-0.5133667,-0.4037399,0.9171066
4.845,-0.5175552,-0.4037399,0.9212951
4.85,-0.5175552,-0.4100494,0.9276046
4.855,-0.5112686,-0.4142532,0.9255218
4.86,-0.5196533,-0.4100494,0.9297027
4.865,-0.5112686,-0.4163589,0.9276275
4.87,-0.5133667,-0.4100494,0.9234161
4.875,-0.5217514,-0.4121475,0.9338989
4.88,-0.5133667,-0.405838,0.9192047
4.885,-0.5322266,-0.4142532,0.9464798
4.89,-0.528038,-0.4121475,0.9401855
4.895,-0.5238419,-0.3974304,0.9212723
4.9,-0.5133667,-0.4079437,0.9213104
4.905,-0.5154648,-0.4100494,0.9255142
4.91,-0.5133667,-0.4142532,0.9276199
4.915,-0.5133667,-0.4205627,0.9339294
4.92,-0.5154648,-0.3679886,0.8834534
4.925,-0.5196533,-0.3616867,0.88134
4.93,-0.5112686,-0.3764038,0.8876724
4.935,-0.5217514,-0.3848114,0.9065628
4.94,-0.5133667,-0.3974304,0.9107971
4.945,-0.5238419,-0.4016342,0.9254761
4.95,-0.5175552,-0.4037399,0.9212951
4.955,-0.5196533,-0.405838,0.9254913
4.96,-0.5154648,-0.405838,0.9213028
4.965,-0.5217514,-0.4163589,0.9381103
4.97,-0.5112686,-0.4100494,0.921318
4.975,-0.5196533,-0.4100494,0.9297027
4.98,-0.5217514,-0.405838,0.9275894
4.985,-0.5175552,-0.4079437,0.9254989
4.99,-0.5238419,-0.4100494,0.9338913
4.995,-0.5322266,-0.4079437,0.9401703
5,-0.5196533,-0.4079437,0.927597
5.005,-0.5217514,-0.4163589,0.9381103
5.01,-0.5154648,-0.3890228,0.9044876
5.015,-0.5154648,-0.405838,0.9213028
5.02,-0.5259399,-0.4100494,0.9359893
5.025,-0.5301285,-0.4037399,0.9338684
5.03,-0.5301285,-0.4100494,0.9401779
5.035,-0.5217514,-0.3848114,0.9065628
5.04,-0.528038,-0.3932266,0.9212646
5.045,-0.5238419,-0.3953247,0.9191666
5.05,-0.528038,-0.4037399,0.9317779
5.055,-0.5133667,-0.4037399,0.9171066
5.06,-0.5196533,-0.405838,0.9254913
5.065,-0.5217514,-0.4100494,0.9318008
5.07,-0.5196533,-0.4016342,0.9212875
5.075,-0.5133667,-0.4100494,0.9234161
5.08,-0.5217514,-0.4121475,0.9338989
5.085,-0.5196533,-0.4142532,0.9339065
5.09,-0.5154648,-0.4163589,0.9318237
5.095,-0.5238419,-0.4100494,0.9338913
5.1,-0.5196533,-0.4100494,0.9297027
5.105,-0.5238419,-0.4163589,0.9402008
5.11,-0.5133667,-0.4163589,0.9297256
5.115,-0.5238419,-0.4142532,0.9380951
5.12,-0.5217514,-0.4121475,0.9338989
5.125,-0.5217514,-0.4142532,0.9360046
5.13,-0.5049896,-0.3764038,0.8813934
5.135,-0.5154648,-0.3890228,0.9044876
5.14,-0.5154648,-0.3511658,0.8666306
5.145,-0.5175552,-0.3785019,0.8960571
5.15,-0.5196533,-0.3974304,0.9170837
5.155,-0.5196533,-0.4016342,0.9212875
5.16,-0.5175552,-0.4079437,0.9254989
5.165,-0.5154648,-0.4142532,0.929718
5.17,-0.5154648,-0.4121475,0.9276123
5.175,-0.5154648,-0.4121475,0.9276123
5.18,-0.5133667,-0.4163589,0.9297256
5.185,-0.5070801,-0.4100494,0.9171295
5.19,-0.5154648,-0.4100494,0.9255142
5.195,-0.5112686,-0.405838,0.9171066
5.2,-0.5091782,-0.4142532,0.9234314
5.205,-0.5091782,-0.4037399,0.9129181
5.21,-0.5091782,-0.4079437,0.9171219
5.215,-0.5154648,-0.405838,0.9213028
5.22,-0.5049896,-0.3827133,0.8877029
5.225,-0.5049896,-0.3974304,0.90242
5.23,-0.5112686,-0.4079437,0.9192123
5.235,-0.5133667,-0.4100494,0.9234161
5.24,-0.5154648,-0.3785019,0.8939667
5.245,-0.5175552,-0.3932266,0.9107818
5.25,-0.5049896,-0.3974304,0.90242
5.255,-0.5133667,-0.3932266,0.9065933
5.26,-0.5049896,-0.3995361,0.9045257
5.265,-0.5091782,-0.418457,0.9276352
5.27,-0.5028915,-0.4079437,0.9108352
5.275,-0.5049896,-0.405838,0.9108276
5.28,-0.5028915,-0.4016342,0.9045257
5.285,-0.5070801,-0.405838,0.9129181
5.29,-0.5091782,-0.4037399,0.9129181
5.295,-0.5112686,-0.4100494,0.921318
5.3,-0.5112686,-0.4079437,0.9192123
5.305,-0.498703,-0.4121475,0.9108505
5.31,-0.4966049,-0.3679886,0.8645935
5.315,-0.4945068,-0.3848114,0.8793182
5.32,-0.4924164,-0.3911209,0.8835373
5.325,-0.4903183,-0.3953247,0.885643
5.33,-0.4903183,-0.3932266,0.8835449
5.335,-0.4882202,-0.3890228,0.877243
5.34,-0.4777451,-0.3679886,0.8457337
5.345,-0.4840317,-0.3553772,0.8394089
5.35,-0.4777451,-0.3637848,0.8415299
5.355,-0.4798431,-0.3764038,0.8562469
5.36,-0.4651718,-0.3764038,0.8415756
5.365,-0.4651718,-0.3848114,0.8499832
5.37,-0.4630814,-0.3722,0.8352814
5.375,-0.4651718,-0.3700943,0.8352661
5.38,-0.4609833,-0.3806076,0.8415909
5.385,-0.4588852,-0.3722,0.8310852
5.39,-0.4421234,-0.3679886,0.810112
5.395,-0.446312,-0.3574753,0.8037873
5.4,-0.4421234,-0.3532715,0.7953949
5.405,-0.4442215,-0.3574753,0.8016968
5.41,-0.4358368,-0.3553772,0.791214
5.415,-0.4400253,-0.3574753,0.7975006
5.42,-0.4442215,-0.359581,0.8038025
5.425,-0.4567947,-0.3574753,0.81427
5.43,-0.446312,-0.3301392,0.7764512
5.435,-0.4588852,-0.3385544,0.7974396
5.44,-0.4546967,-0.3385544,0.7932511
5.445,-0.4651718,-0.302803,0.7679748
5.45,-0.4505081,-0.3259354,0.7764435
5.455,-0.4525986,-0.3301392,0.7827378
5.46,-0.4525986,-0.3280411,0.7806397
5.465,-0.4588852,-0.3301392,0.7890244
5.47,-0.446312,-0.3259354,0.7722474
5.475,-0.4400253,-0.3280411,0.7680664
5.48,-0.4358368,-0.3154221,0.7512589
5.485,-0.4421234,-0.3154221,0.7575455
5.49,-0.4337463,-0.3112183,0.7449646
5.495,-0.4295502,-0.3112183,0.7407685
5.5,-0.4316483,-0.3091125,0.7407608
5.505,-0.4421234,-0.302803,0.7449264
5.51,-0.4295502,-0.2964935,0.7260437
5.515,-0.4421234,-0.302803,0.7449264
5.52,-0.4337463,-0.2649536,0.6986999
5.525,-0.4295502,-0.2481308,0.677681
5.53,-0.4148865,-0.256546,0.6714325
5.535,-0.3750687,-1.6485977,2.0236664
5.54,-1.2760849,-2.9165802,4.1926651
5.545,-2.4432144,-3.6441498,6.0873642
5.55,-3.4406204,-4.2518616,7.692482
5.555,-4.2494354,-4.6429825,8.8924179
5.56,-4.7062302,-4.8112068,9.517437
5.565,-4.8256607,-5.1245232,9.9501839
5.57,-4.7502289,-5.4231186,10.1733475
5.575,-4.645462,-5.7658768,10.4113388
5.58,-4.450592,-6.0308304,10.4814224
5.585,-4.1949539,-6.167511,10.3624649
5.59,-4.0545654,-6.2326965,10.2872619
5.595,-3.9288406,-6.1633072,10.0921478
5.6,-3.8764572,-6.0371361,9.9135933
5.605,-3.9099808,-5.8857346,9.7957154
5.61,-3.9560776,-5.7238197,9.6798973
5.615,-4.0440903,-5.6123734,9.6564637
5.62,-4.0839005,-5.4967194,9.5806199
5.625,-4.1006622,-5.3894768,9.490139
5.63,-4.0797119,-5.2843361,9.364048
5.635,-4.0545654,-5.1960182,9.2505836
5.64,-4.0084686,-5.1013908,9.1098594
5.645,-3.9581757,-5.0088692,8.9670449
5.65,-3.8974075,-4.9373741,8.8347816
5.655,-3.8387375,-4.8511581,8.6898956
5.66,-3.7863541,-4.7439156,8.5302697
5.665,-3.7088242,-4.6766281,8.3854523
5.67,-3.6354904,-4.5672798,8.2027702
5.675,-3.5432892,-4.4453201,7.9886093
5.68,-3.4259491,-4.3065338,7.7324829
5.685,-3.3044205,-4.1572342,7.4616547
5.69,-3.1661224,-4.0247574,7.1908798
5.695,-3.0466843,-3.9048996,6.9515839
5.7,-2.9314423,-3.7976532,6.7290955
5.705,-2.8497162,-3.7051315,6.5548477
5.71,-2.7575226,-3.6231232,6.3806458
5.715,-2.6862793,-3.5306015,6.2168808
5.72,-2.5982742,-3.4464874,6.0447616
5.725,-2.5186462,-3.3686829,5.8873291
5.73,-2.4222641,-3.2677536,5.6900177
5.735,-2.3593979,-3.2046661,5.564064
5.74,-2.2902527,-3.1394806,5.4297333
5.745,-2.2148209,-3.0806046,5.2954255
5.75,-2.145668,-3.0028,5.148468
5.755,-2.0807114,-2.9397125,5.0204239
5.76,-2.0136642,-2.8640137,4.8776779
5.765,-1.9445114,-2.8072357,4.7517471
5.77,-1.8774643,-2.7084045,4.5858688
5.775,-1.8145981,-2.643219,4.4578171
5.78,-1.7370682,-2.5885468,4.325615
5.785,-1.6763077,-2.5191574,4.1954651
5.79,-1.6218262,-2.4455566,4.0673828
5.795,-1.5526733,-2.3803711,3.9330444
5.8,-1.4814377,-2.3193893,3.800827
5.805,-1.4039078,-2.2415848,3.6454926
5.81,-1.3473282,-2.1742935,3.5216217
5.815,-1.2907562,-2.1070099,3.3977661
5.82,-1.2299881,-2.0270996,3.2570877
5.825,-1.1713181,-1.9598083,3.1311264
5.83,-1.1210251,-1.9072418,3.0282669
5.835,-1.0602646,-1.8441544,2.904419
5.84,-1.0120697,-1.787384,2.7994537
5.845,-0.9596863,-1.7306061,2.6902924
5.85,-0.9114914,-1.6633148,2.5748062
5.855,-0.8570099,-1.5855103,2.4425202
5.86,-0.8130035,-1.5245285,2.337532
5.865,-0.7711029,-1.4404221,2.211525
5.87,-0.722908,-1.3710251,2.0939331
5.875,-0.6809998,-1.2848129,1.9658127
5.88,-0.6474686,-1.2301407,1.8776093
5.885,-0.6181335,-1.1796722,1.7978057
5.89,-0.58461,-1.1313095,1.7159195
5.895,-0.5678482,-1.0808411,1.6486893
5.9,-0.5427017,-1.0282669,1.5709686
5.905,-0.5049896,-0.9862137,1.4912033
5.91,-0.4840317,-0.9020996,1.3861313
5.915,-0.4546967,-0.8642502,1.3189469
5.92,-0.4253616,-0.8200912,1.2454528
5.925,-0.4002151,-0.7717285,1.1719436
5.93,-0.3792648,-0.7464981,1.1257629
5.935,-0.3583069,-0.7107468,1.0690537
5.94,-0.3478317,-0.6644897,1.0123214
5.945,-0.3373566,-0.6350479,0.9724045
5.95,-0.3122101,-0.6140213,0.9262314
5.955,-0.3163986,-0.5761719,0.8925705
5.96,-0.3122101,-0.5383148,0.8505249
5.965,-0.3184967,-0.5067749,0.8252716
5.97,-0.303833,-0.4857483,0.7895813
5.975,-0.2975464,-0.4478989,0.7454453
5.98,-0.2786865,-0.4373856,0.7160721
5.985,-0.2682114,-0.3995361,0.6677475
5.99,-0.251442,-0.418457,0.669899
5.995,-0.2556381,-0.431076,0.6867141
6,-0.2661133,-0.4499969,0.7161102
6.005,-0.280777,-0.4647217,0.7454987
6.01,-0.2912598,-0.4773407,0.7686005
6.015,-0.303833,-0.4941559,0.7979889
6.02,-0.3205948,-0.5067749,0.8273697
6.025,-0.3247833,-0.5067749,0.8315582
6.03,-0.3226852,-0.4668198,0.789505
6.035,-0.3184967,-0.462616,0.7811127
6.04,-0.3080215,-0.4689255,0.776947
6.045,-0.2912598,-0.4563065,0.7475663
6.05,-0.2661133,-0.4331818,0.6992951
6.055,-0.2325897,-0.4079437,0.6405334
6.06,-0.2053452,-0.3742981,0.5796433
6.065,-0.1801987,-0.3406525,0.5208512
6.07,-0.1613464,-0.3133163,0.4746627
6.075,-0.1466751,-0.290184,0.4368591
6.08,-0.1278152,-0.2733688,0.401184
6.085,-0.1131516,-0.2649536,0.3781052
6.09,-0.0984802,-0.2334137,0.3318939
6.095,-0.0942917,-0.2418213,0.336113
6.1,-0.0901031,-0.2502365,0.3403396
6.105,-0.0880051,-0.2649536,0.3529587
6.11,-0.0838165,-0.2712631,0.3550796
6.115,-0.0691452,-0.2670593,0.3362045
6.12,-0.0628586,-0.243927,0.3067856
6.125,-0.0733337,-0.2607498,0.3340835
6.13,-0.0670547,-0.2607498,0.3278045
6.135,-0.0649567,-0.2691574,0.3341141
6.14,-0.05867,-0.2733688,0.3320388
6.145,-0.0628586,-0.2754669,0.3383255
6.15,-0.0649567,-0.2859802,0.3509369
6.155,-0.0628586,-0.2964935,0.3593521
6.16,-0.0628586,-0.2943954,0.357254
6.165,-0.056572,-0.290184,0.346756
6.17,-0.0607681,-0.290184,0.3509521
6.175,-0.056572,-0.2880859,0.3446579
6.18,-0.0544815,-0.2775726,0.3320541
6.185,-0.05867,-0.2733688,0.3320388
6.19,-0.0649567,-0.2544403,0.319397
6.195,-0.0775299,-0.2502365,0.3277664
6.2,-0.0796204,-0.2502365,0.3298569
6.205,-0.0817184,-0.2523346,0.334053
6.21,-0.0733337,-0.2292099,0.3025436
6.215,-0.0796204,-0.2460327,0.3256531
6.22,-0.0796204,-0.2502365,0.3298569
6.225,-0.0921936,-0.256546,0.3487396
6.23,-0.1005783,-0.2586441,0.3592224
6.235,-0.0942917,-0.2523346,0.3466263
6.24,-0.0921936,-0.2586441,0.3508377
6.245,-0.0921936,-0.2628479,0.3550415
6.25,-0.0921936,-0.2607498,0.3529434
6.255,-0.0880051,-0.2544403,0.3424454
6.26,-0.0880051,-0.2418213,0.3298264
6.265,-0.0733337,-0.2355118,0.3088455
6.27,-0.0691452,-0.2355118,0.304657
6.275,-0.0691452,-0.2271042,0.2962494
6.28,-0.05867,-0.2292099,0.2878799
6.285,-0.0544815,-0.2165909,0.2710724
6.29,-0.0481949,-0.2144852,0.2626801
6.295,-0.0356216,-0.2018738,0.2374954
6.3,-0.0377121,-0.1619186,0.1996307
6.305,-0.0314331,-0.1619186,0.1933517
6.31,-0.0272369,-0.1619186,0.1891555
6.315,-0.0377121,-0.1577148,0.1954269
6.32,-0.0251465,-0.1492996,0.1744461
6.325,-0.0209503,-0.1450958,0.1660461
6.33,-0.0188599,-0.1198578,0.1387177
6.335,-0.0230484,-0.1240692,0.1471176
6.34,-0.0209503,-0.1261673,0.1471176
6.345,-0.0167618,-0.1177597,0.1345215
6.35,-0.0083771,-0.1240692,0.1324463
6.355,-0.0125732,-0.1198578,0.132431
6.36,-0.0041885,-0.1177597,0.1219482
6.365,-0.0125732,-0.1114502,0.1240234
6.37,-0.0083771,-0.1114502,0.1198273
6.375,-0.0083771,-0.103035,0.1114121
6.38,-0.0062866,-0.103035,0.1093216
6.385,-0.0062866,-0.1093445,0.1156311
6.39,-0.0167618,-0.1009369,0.1176987
6.395,-0.0083771,-0.0967331,0.1051102
6.4,-0.0083771,-0.1009369,0.109314
6.405,-0.0041885,-0.0609818,0.0651703
6.41,-0.0104752,-0.0799103,0.0903855
6.415,-0.0125732,-0.0862198,0.098793
6.42,0.00418854,-0.0483627,0.04417416
6.425,0.00209808,-0.0651855,0.06308742
6.43,-0.0020905,-0.0778046,0.0798951
6.435,-4.44E-16,-0.0799103,7.99E-02
6.44,-0.0104752,-0.0736008,0.084076
6.445,-0.0041885,-0.0714951,0.0756836
6.45,-0.0104752,-0.0736008,0.084076
6.455,-0.0104752,-0.0778046,0.0882798
6.46,-0.0062866,-0.0778046,0.0840912
6.465,-0.0083771,-0.0778046,0.0861817
6.47,-0.0125732,-0.0778046,0.0903778
6.475,-0.0188599,-0.069397,0.0882569
6.48,-0.0125732,-0.0672913,0.0798645
6.485,-0.0104752,-0.0778046,0.0882798
6.49,-0.0104752,-0.0736008,0.084076
6.495,-0.0083771,-0.069397,0.0777741
6.5,-0.0209503,-0.069397,0.0903473
6.505,-0.0167618,-0.0336456,0.0504074
6.51,-0.0020905,-0.0210266,0.0231171
6.515,-0.0062866,-0.0399551,0.0462417
6.52,-0.0083771,-0.0525742,0.0609513
6.525,-0.0041885,-0.0504684,0.0546569
6.53,-0.0104752,-0.0588837,0.0693589
6.535,-4.44E-16,-0.0651855,6.52E-02
6.54,-0.0041885,-0.0672913,0.0714798
6.545,-0.0041885,-0.0651855,0.069374
6.55,-0.0083771,-0.0736008,0.0819779
6.555,-0.0062866,-0.0778046,0.0840912
6.56,-0.0062866,-0.0778046,0.0840912
6.565,-0.0083771,-0.0736008,0.0819779
6.57,-0.0020905,-0.069397,0.0714875
6.575,-0.0104752,-0.069397,0.0798722
6.58,-0.0146637,-0.0756989,0.0903626
6.585,-0.0146637,-0.0778046,0.0924683
6.59,-0.0167618,-0.0778046,0.0945664
6.595,-0.0230484,-0.0736008,0.0966492
6.6,-0.0146637,-0.0672913,0.081955
6.605,-0.0146637,-0.0714951,0.0861588
6.61,-0.0209503,-0.0714951,0.0924454
6.615,-0.0167618,-0.0420609,0.0588227
6.62,-0.0188599,-0.0525742,0.0714341
6.625,-0.0146637,-0.0672913,0.081955
6.63,-0.0083771,-0.0357513,0.0441284
6.635,-0.0146637,-0.0546722,0.0693359
6.64,-0.0188599,-0.069397,0.0882569
6.645,-0.0230484,-0.0714951,0.0945435
6.65,-0.0167618,-0.0672913,0.0840531
6.655,-0.0125732,-0.0714951,0.0840683
6.66,-0.0188599,-0.0714951,0.090355
6.665,-0.0230484,-0.0736008,0.0966492
6.67,-0.0188599,-0.0714951,0.090355
6.675,-0.0104752,-0.0799103,0.0903855
6.68,-0.0041885,-0.0841141,0.0883026
6.685,-0.0125732,-0.0736008,0.086174
6.69,-0.0146637,-0.0736008,0.0882645
6.695,-0.0062866,-0.0736008,0.0798874
6.7,-0.0146637,-0.0820084,0.0966721
6.705,-0.0104752,-0.0778046,0.0882798
6.71,-0.0146637,-0.0756989,0.0903626
6.715,-0.0188599,-0.0736008,0.0924607
6.72,-0.0146637,-0.0189285,0.0335922
6.725,-0.0209503,-0.0441589,0.0651092
6.73,-0.0146637,-0.0630875,0.0777512
6.735,-0.0167618,-0.0630875,0.0798493
6.74,-0.0230484,-0.0714951,0.0945435
6.745,-0.0251465,-0.0778046,0.1029511
6.75,-0.0209503,-0.0799103,0.1008606
6.755,-0.0188599,-0.0736008,0.0924607
6.76,-0.0146637,-0.0820084,0.0966721
6.765,-0.0230484,-0.0841141,0.1071625
6.77,-0.0272369,-0.0841141,0.111351
6.775,-0.0167618,-0.0820084,0.0987702
6.78,-0.0188599,-0.0736008,0.0924607
6.785,-0.0209503,-0.0820084,0.1029587
6.79,-0.0188599,-0.0778046,0.0966645
6.795,-0.0335236,-0.0799103,0.1134339
6.8,-0.0209503,-0.0756989,0.0966492
6.805,-0.0209503,-0.0820084,0.1029587
6.81,-0.0020905,-0.0420609,0.0441514
6.815,-0.0083771,-0.0609818,0.0693589
6.82,-0.0209503,-0.069397,0.0903473
6.825,-0.0209503,-0.0820084,0.1029587
6.83,-0.0209503,-0.0609818,0.0819321
6.835,-0.0104752,-0.0651855,0.0756607
6.84,-0.0146637,-0.0714951,0.0861588
6.845,-0.0230484,-0.069397,0.0924454
6.85,-0.0251465,-0.069397,0.0945435
6.855,-0.0209503,-0.0672913,0.0882416
6.86,-0.0146637,-0.0778046,0.0924683
6.865,-0.0209503,-0.0820084,0.1029587
6.87,-0.0251465,-0.0799103,0.1050568
6.875,-0.0146637,-0.0841141,0.0987778
6.88,-0.0251465,-0.0820084,0.1071549
6.885,-0.0230484,-0.0820084,0.1050568
6.89,-0.0230484,-0.0883179,0.1113663
6.895,-0.0209503,-0.0883179,0.1092682
6.9,-0.0230484,-0.0883179,0.1113663
6.905,-0.0251465,-0.0841141,0.1092606
6.91,-0.0251465,-0.0841141,0.1092606
6.915,-0.0230484,-0.0862198,0.1092682
6.92,-0.0251465,-0.0841141,0.1092606
6.925,-0.0188599,-0.0862198,0.1050797
6.93,-0.0209503,-0.0778046,0.0987549
6.935,-0.0209503,-0.0462646,0.0672149
6.94,-0.0314331,-0.0609818,0.0924149
6.945,-0.0230484,-0.0736008,0.0966492
6.95,-0.0230484,-0.0756989,0.0987473
6.955,-0.0251465,-0.0714951,0.0966416
6.96,-0.0335236,-0.0714951,0.1050187
6.965,-0.0209503,-0.0714951,0.0924454
6.97,-0.0188599,-0.0799103,0.0987702
6.975,-0.0251465,-0.0778046,0.1029511
6.98,-0.0146637,-0.0820084,0.0966721
6.985,-0.0167618,-0.0820084,0.0987702
6.99,-0.0230484,-0.0778046,0.100853
6.995,-0.0251465,-0.0756989,0.1008454
7,-0.0272369,-0.0756989,0.1029358
7.005,-0.0188599,-0.0862198,0.1050797
7.01,-0.0209503,-0.0799103,0.1008606
7.015,-0.0230484,-0.0778046,0.100853
7.02,-0.0167618,-0.0630875,0.0798493
7.025,-0.0146637,-0.0736008,0.0882645
7.03,-0.0146637,-0.0778046,0.0924683
7.035,-0.0230484,-0.0841141,0.1071625
7.04,-0.0188599,-0.0525742,0.0714341
7.045,-0.0251465,-0.0672913,0.0924378
7.05,-0.0272369,-0.0756989,0.1029358
7.055,-0.0251465,-0.0736008,0.0987473
7.06,-0.0230484,-0.0778046,0.100853
7.065,-0.0251465,-0.0862198,0.1113663
7.07,-0.0314331,-0.0862198,0.1176529
7.075,-0.029335,-0.0883179,0.1176529
7.08,-0.0272369,-0.0883179,0.1155548
7.085,-0.0314331,-0.0820084,0.1134415
7.09,-0.0251465,-0.0946274,0.1197739
7.095,-0.0356216,-0.0925217,0.1281433
7.1,-0.0272369,-0.0883179,0.1155548
7.105,-0.0398102,-0.0946274,0.1344376
7.11,-0.0230484,-0.0756989,0.0987473
7.115,-0.029335,-0.0799103,0.1092453
7.12,-0.0209503,-0.0925217,0.113472
7.125,-0.029335,-0.0946274,0.1239624
7.13,-0.0272369,-0.0820084,0.1092453
7.135,-0.0335236,-0.0841141,0.1176377
7.14,-0.0251465,-0.0841141,0.1092606
7.145,-0.0335236,-0.0525742,0.0860978
7.15,-0.0188599,-0.0672913,0.0861512
7.155,-0.0251465,-0.0820084,0.1071549
7.16,-0.0251465,-0.0841141,0.1092606
7.165,-0.0230484,-0.0841141,0.1071625
7.17,-0.0230484,-0.0778046,0.100853
7.175,-0.0335236,-0.0799103,0.1134339
7.18,-0.029335,-0.0778046,0.1071396
7.185,-0.0251465,-0.0862198,0.1113663
7.19,-0.0251465,-0.0883179,0.1134644
7.195,-0.0377121,-0.0883179,0.12603
7.2,-0.0272369,-0.0862198,0.1134567
7.205,-0.0230484,-0.0904236,0.113472
7.21,-0.0272369,-0.0883179,0.1155548
7.215,-0.0251465,-0.0862198,0.1113663
7.22,-0.0251465,-0.0883179,0.1134644
7.225,-0.0251465,-0.0841141,0.1092606
7.23,-0.0188599,-0.069397,0.0882569
7.235,-0.0314331,-0.0714951,0.1029282
7.24,-0.0251465,-0.0820084,0.1071549
7.245,-0.0230484,-0.069397,0.0924454
7.25,-0.0230484,-0.0630875,0.0861359
7.255,-0.0272369,-0.0820084,0.1092453
7.26,-0.0251465,-0.0799103,0.1050568
7.265,-0.0272369,-0.0820084,0.1092453
7.27,-0.0251465,-0.0883179,0.1134644
7.275,-0.029335,-0.0883179,0.1176529
7.28,-0.029335,-0.0967331,0.1260681
7.285,-0.0272369,-0.0883179,0.1155548
7.29,-0.0335236,-0.0946274,0.128151
7.295,-0.029335,-0.0946274,0.1239624
7.3,-0.0272369,-0.0925217,0.1197586
7.305,-0.0356216,-0.0883179,0.1239395
7.31,-0.029335,-0.0946274,0.1239624
7.315,-0.0398102,-0.0841141,0.1239243
7.32,-0.0230484,-0.0525742,0.0756226
7.325,-0.029335,-0.0651855,0.0945205
7.33,-0.0209503,-0.0778046,0.0987549
7.335,-0.0272369,-0.0841141,0.111351
7.34,-0.0188599,-0.0862198,0.1050797
7.345,-0.0272369,-0.0862198,0.1134567
7.35,-0.0251465,-0.0862198,0.1113663
7.355,-0.0272369,-0.0483627,0.0755996
7.36,-0.0209503,-0.069397,0.0903473
7.365,-0.0230484,-0.0756989,0.0987473
7.37,-0.0251465,-0.0841141,0.1092606
7.375,-0.0272369,-0.0925217,0.1197586
7.38,-0.029335,-0.0862198,0.1155548
7.385,-0.0272369,-0.0904236,0.1176605
7.39,-0.0272369,-0.0883179,0.1155548
7.395,-0.0272369,-0.0904236,0.1176605
7.4,-0.029335,-0.0862198,0.1155548
7.405,-0.0335236,-0.0883179,0.1218415
7.41,-0.029335,-0.069397,0.098732
7.415,-0.029335,-0.0799103,0.1092453
7.42,-0.0272369,-0.0799103,0.1071472
7.425,-0.0272369,-0.0904236,0.1176605
7.43,-0.0272369,-0.0841141,0.111351
7.435,-0.0356216,-0.0925217,0.1281433
7.44,-0.0335236,-0.0946274,0.128151
7.445,-0.0314331,-0.0988312,0.1302643
7.45,-0.0356216,-0.0967331,0.1323547
7.455,-0.0230484,-0.0988312,0.1218796
7.46,-0.0272369,-0.0672913,0.0945282
7.465,-0.0272369,-0.0756989,0.1029358
7.47,-0.0209503,-0.0756989,0.0966492
7.475,-0.0272369,-0.0883179,0.1155548
7.48,-0.0230484,-0.0988312,0.1218796
7.485,-0.0230484,-0.0946274,0.1176758
7.49,-0.0314331,-0.0862198,0.1176529
7.495,-0.0314331,-0.0925217,0.1239548
7.5,-0.0230484,-0.0841141,0.1071625
7.505,-0.0230484,-0.0862198,0.1092682
7.51,-0.0230484,-0.0883179,0.1113663
7.515,-0.029335,-0.0862198,0.1155548
7.52,-0.0314331,-0.0883179,0.119751
7.525,-0.0314331,-0.0883179,0.119751
7.53,-0.0272369,-0.0588837,0.0861206
7.535,-0.0209503,-0.0672913,0.0882416
7.54,-0.029335,-0.0778046,0.1071396
7.545,-0.0314331,-0.0820084,0.1134415
7.55,-0.0314331,-0.0862198,0.1176529
7.555,-0.0272369,-0.0862198,0.1134567
7.56,-0.0251465,-0.0483627,0.0735092
7.565,-0.0230484,-0.0609818,0.0840302
7.57,-0.0272369,-0.0756989,0.1029358
7.575,-0.029335,-0.0841141,0.1134491
7.58,-0.0272369,-0.0883179,0.1155548
7.585,-0.029335,-0.0925217,0.1218567
7.59,-0.0335236,-0.0862198,0.1197434
7.595,-0.0356216,-0.0841141,0.1197357
7.6,-0.0335236,-0.0862198,0.1197434
7.605,-0.0314331,-0.0862198,0.1176529
7.61,-0.029335,-0.0988312,0.1281662
7.615,-0.0314331,-0.0925217,0.1239548
7.62,-0.0314331,-0.069397,0.1008301
7.625,-0.0230484,-0.0820084,0.1050568
7.63,-0.0209503,-0.0946274,0.1155777
7.635,-0.0251465,-0.0841141,0.1092606
7.64,-0.0272369,-0.0883179,0.1155548
7.645,-0.0272369,-0.0883179,0.1155548
7.65,-0.0335236,-0.0883179,0.1218415
7.655,-0.029335,-0.0883179,0.1176529
7.66,-0.0272369,-0.0946274,0.1218643
7.665,-0.0167618,-0.0841141,0.1008759
7.67,-0.0314331,-0.0525742,0.0840073
7.675,-0.0230484,-0.069397,0.0924454
7.68,-0.0251465,-0.0799103,0.1050568
7.685,-0.0230484,-0.0904236,0.113472
7.69,-0.0314331,-0.0820084,0.1134415
7.695,-0.0335236,-0.0925217,0.1260453
7.7,-0.029335,-0.0862198,0.1155548
7.705,-0.0251465,-0.0820084,0.1071549
7.71,-0.0209503,-0.056778,0.0777283
7.715,-0.0104752,-0.0672913,0.0777665
7.72,-0.0272369,-0.0736008,0.1008377
7.725,-0.0209503,-0.0778046,0.0987549
7.73,-0.0251465,-0.0820084,0.1071549
7.735,-0.0188599,-0.0862198,0.1050797
7.74,-0.029335,-0.0904236,0.1197586
7.745,-0.0230484,-0.0946274,0.1176758
7.75,-0.0419083,-0.1009369,0.1428452
7.755,-0.0335236,-0.0967331,0.1302567
7.76,-0.0272369,-0.0946274,0.1218643
7.765,-0.0209503,-0.0925217,0.113472
7.77,-0.0272369,-0.0736008,0.1008377
7.775,-0.0251465,-0.0672913,0.0924378
7.78,-0.0272369,-0.0820084,0.1092453
7.785,-0.0251465,-0.0904236,0.1155701
7.79,-0.0209503,-0.0925217,0.113472
7.795,-0.0251465,-0.0946274,0.1197739
7.8,-0.029335,-0.0904236,0.1197586
7.805,-0.0335236,-0.0904236,0.1239472
7.81,-0.0356216,-0.0946274,0.130249
7.815,-0.0377121,-0.0925217,0.1302338
7.82,-0.0314331,-0.0883179,0.119751
7.825,-0.0356216,-0.0946274,0.130249
7.83,-0.0314331,-0.0714951,0.1029282
7.835,-0.0356216,-0.0841141,0.1197357
7.84,-0.0314331,-0.0883179,0.119751
7.845,-0.0314331,-0.0862198,0.1176529
7.85,-0.0335236,-0.0904236,0.1239472
7.855,-0.0272369,-0.0904236,0.1176605
7.86,-0.0335236,-0.0946274,0.128151
7.865,-0.0398102,-0.0904236,0.1302338
7.87,-0.0272369,-0.0841141,0.111351
7.875,-0.0335236,-0.1009369,0.1344605
7.88,-0.0356216,-0.0525742,0.0881958
7.885,-0.0356216,-0.069397,0.1050186
7.89,-0.0356216,-0.0799103,0.1155319
7.895,-0.0251465,-0.0841141,0.1092606
7.9,-0.0335236,-0.0925217,0.1260453
7.905,-0.0314331,-0.0967331,0.1281662
7.91,-0.0272369,-0.0904236,0.1176605
7.915,-0.0230484,-0.0820084,0.1050568
7.92,-0.0251465,-0.0609818,0.0861283
7.925,-0.0230484,-0.069397,0.0924454
7.93,-0.0209503,-0.0799103,0.1008606
7.935,-0.029335,-0.0778046,0.1071396
7.94,-0.0335236,-0.0820084,0.115532
7.945,-0.0314331,-0.0820084,0.1134415
7.95,-0.0356216,-0.0778046,0.1134262
7.955,-0.0335236,-0.0883179,0.1218415
7.96,-0.0460968,-0.0841141,0.1302109
7.965,-0.029335,-0.0904236,0.1197586
7.97,-0.0356216,-0.0925217,0.1281433
7.975,-0.029335,-0.0883179,0.1176529
7.98,-0.0314331,-0.0883179,0.119751
7.985,-0.029335,-0.0525742,0.0819092
7.99,-0.0377121,-0.069397,0.1071091
7.995,-0.0188599,-0.0736008,0.0924607
8,-0.0272369,-0.0756989,0.1029358
8.005,-0.0272369,-0.0841141,0.111351
8.01,-0.0209503,-0.0630875,0.0840378
8.015,-0.0209503,-0.0756989,0.0966492
8.02,-0.0356216,-0.0841141,0.1197357
8.025,-0.0314331,-0.0820084,0.1134415
8.03,-0.0314331,-0.0904236,0.1218567
8.035,-0.0314331,-0.0925217,0.1239548
8.04,-0.0356216,-0.0862198,0.1218414
8.045,-0.0377121,-0.0904236,0.1281357
8.05,-0.0314331,-0.0904236,0.1218567
8.055,-0.0272369,-0.0841141,0.111351
8.06,-0.0356216,-0.0904236,0.1260452
8.065,-0.0335236,-0.0799103,0.1134339
8.07,-0.0356216,-0.0820084,0.11763
8.075,-0.0230484,-0.0841141,0.1071625
8.08,-0.0356216,-0.0862198,0.1218414
8.085,-0.0356216,-0.0841141,0.1197357
8.09,-0.029335,-0.069397,0.098732
8.095,-0.0377121,-0.0672913,0.1050034
8.1,-0.0251465,-0.0756989,0.1008454
8.105,-0.0209503,-0.0799103,0.1008606
8.11,-0.029335,-0.0862198,0.1155548
8.115,-0.0335236,-0.0820084,0.115532
8.12,-0.0335236,-0.0862198,0.1197434
8.125,-0.0314331,-0.0841141,0.1155472
8.13,-0.0230484,-0.0672913,0.0903397
8.135,-0.0230484,-0.0820084,0.1050568
8.14,-0.0335236,-0.0820084,0.115532
8.145,-0.0356216,-0.0799103,0.1155319
8.15,-0.0230484,-0.069397,0.0924454
8.155,-0.029335,-0.0820084,0.1113434
8.16,-0.0314331,-0.0736008,0.1050339
8.165,-0.0377121,-0.0904236,0.1281357
8.17,-0.0377121,-0.0946274,0.1323395
8.175,-0.0377121,-0.0946274,0.1323395
8.18,-0.0356216,-0.0925217,0.1281433
8.185,-0.0314331,-0.0841141,0.1155472
8.19,-0.029335,-0.0904236,0.1197586
8.195,-0.0314331,-0.0925217,0.1239548
8.2,-0.0356216,-0.0630875,0.0987091
8.205,-0.0335236,-0.0714951,0.1050187
8.21,-0.0230484,-0.0756989,0.0987473
8.215,-0.0272369,-0.0841141,0.111351
8.22,-0.0209503,-0.0756989,0.0966492
8.225,-0.029335,-0.0799103,0.1092453
8.23,-0.029335,-0.0904236,0.1197586
8.235,-0.0314331,-0.0904236,0.1218567
8.24,-0.029335,-0.0862198,0.1155548
8.245,-0.0419083,-0.0841141,0.1260224
8.25,-0.0439987,-0.0862198,0.1302185
8.255,-0.0398102,-0.0841141,0.1239243
8.26,-0.0377121,-0.0862198,0.1239319
8.265,-0.029335,-0.0883179,0.1176529
8.27,-0.0398102,-0.0904236,0.1302338
8.275,-0.0398102,-0.0967331,0.1365433
8.28,-0.0356216,-0.0841141,0.1197357
8.285,-0.0314331,-0.0862198,0.1176529
8.29,-0.0398102,-0.0883179,0.1281281
8.295,-0.0377121,-0.0925217,0.1302338
8.3,-0.0356216,-0.0546722,0.0902938
8.305,-0.0377121,-0.0672913,0.1050034
8.31,-0.0251465,-0.0462646,0.0714111
8.315,-0.0209503,-0.0672913,0.0882416
8.32,-0.029335,-0.0820084,0.1113434
8.325,-0.0356216,-0.0799103,0.1155319
8.33,-0.0272369,-0.0841141,0.111351
8.335,-0.0314331,-0.0862198,0.1176529
8.34,-0.0314331,-0.0883179,0.119751
8.345,-0.0356216,-0.0841141,0.1197357
8.35,-0.0439987,-0.0799103,0.123909
8.355,-0.0356216,-0.0904236,0.1260452
8.36,-0.0335236,-0.0904236,0.1239472
8.365,-0.0439987,-0.0904236,0.1344223
8.37,-0.0356216,-0.0841141,0.1197357
8.375,-0.0314331,-0.0841141,0.1155472
8.38,-0.0251465,-0.0862198,0.1113663
8.385,-0.0230484,-0.0820084,0.1050568
8.39,-0.0251465,-0.0967331,0.1218796
8.395,-0.0356216,-0.0967331,0.1323547
8.4,-0.0377121,-0.0546722,0.0923843
8.405,-0.0377121,-0.069397,0.1071091
8.41,-0.029335,-0.0736008,0.1029358
8.415,-0.0335236,-0.0883179,0.1218415
8.42,-0.029335,-0.0967331,0.1260681
8.425,-0.0230484,-0.0862198,0.1092682
8.43,-0.0188599,-0.0525742,0.0714341
8.435,-0.0188599,-0.0736008,0.0924607
8.44,-0.0251465,-0.0820084,0.1071549
8.445,-0.0167618,-0.0841141,0.1008759
8.45,-0.0272369,-0.0883179,0.1155548
8.455,-0.0314331,-0.0841141,0.1155472
8.46,-0.0398102,-0.0862198,0.12603
8.465,-0.0398102,-0.0883179,0.1281281
8.47,-0.0356216,-0.0841141,0.1197357
8.475,-0.029335,-0.0841141,0.1134491
8.48,-0.0251465,-0.0778046,0.1029511
8.485,-0.0230484,-0.0925217,0.1155701
8.49,-0.029335,-0.0904236,0.1197586
8.495,-0.0439987,-0.0841141,0.1281128
8.5,-0.0356216,-0.0883179,0.1239395
8.505,-0.0377121,-0.0883179,0.12603
8.51,-0.0356216,-0.0546722,0.0902938
8.515,-0.0335236,-0.0714951,0.1050187
8.52,-0.0314331,-0.0630875,0.0945206
8.525,-0.0272369,-0.0756989,0.1029358
8.53,-0.0356216,-0.0799103,0.1155319
8.535,-0.0335236,-0.0756989,0.1092225
8.54,-0.0356216,-0.0756989,0.1113205
8.545,-0.0272369,-0.0841141,0.111351
8.55,-0.029335,-0.0946274,0.1239624
8.555,-0.0335236,-0.0904236,0.1239472
8.56,-0.0460968,-0.0904236,0.1365204
8.565,-0.0356216,-0.0925217,0.1281433
8.57,-0.0356216,-0.0904236,0.1260452
8.575,-0.029335,-0.0988312,0.1281662
8.58,-0.0335236,-0.0904236,0.1239472
8.585,-0.0335236,-0.0862198,0.1197434
8.59,-0.0335236,-0.0883179,0.1218415
8.595,-0.029335,-0.0904236,0.1197586
8.6,-0.029335,-0.0946274,0.1239624
8.605,-0.0272369,-0.0904236,0.1176605
8.61,-0.0251465,-0.0168228,0.0419693
8.615,-0.029335,-0.0462646,0.0755996
8.62,-0.0377121,-0.0672913,0.1050034
8.625,-0.0251465,-0.0736008,0.0987473
8.63,-0.0272369,-0.0799103,0.1071472
8.635,-0.0398102,-0.0820084,0.1218186
8.64,-0.0251465,-0.0904236,0.1155701
8.645,-0.0230484,-0.0862198,0.1092682
8.65,-0.0272369,-0.0946274,0.1218643
8.655,-0.029335,-0.0820084,0.1113434
8.66,-0.0335236,-0.0862198,0.1197434
8.665,-0.029335,-0.0778046,0.1071396
8.67,-0.0272369,-0.0841141,0.111351
8.675,-0.0314331,-0.0862198,0.1176529
8.68,-0.0335236,-0.0904236,0.1239472
8.685,-0.0335236,-0.0841141,0.1176377
8.69,-0.0356216,-0.0862198,0.1218414
8.695,-0.0356216,-0.0841141,0.1197357
8.7,-0.0272369,-0.0841141,0.111351
8.705,-0.0356216,-0.0820084,0.11763
8.71,-0.0335236,-0.0841141,0.1176377
8.715,-0.0398102,-0.0946274,0.1344376
8.72,-0.029335,-0.0609818,0.0903168
8.725,-0.0251465,-0.0714951,0.0966416
8.73,-0.0125732,-0.0525742,0.0651474
8.735,-0.0272369,-0.0672913,0.0945282
8.74,-0.0335236,-0.0736008,0.1071244
8.745,-0.0439987,-0.0778046,0.1218033
8.75,-0.0335236,-0.0799103,0.1134339
8.755,-0.0356216,-0.0799103,0.1155319
8.76,-0.0356216,-0.0841141,0.1197357
8.765,-0.0419083,-0.0820084,0.1239167
8.77,-0.0398102,-0.0799103,0.1197205
8.775,-0.0356216,-0.0841141,0.1197357
8.78,-0.0356216,-0.0841141,0.1197357
8.785,-0.0419083,-0.0862198,0.1281281
8.79,-0.0356216,-0.0925217,0.1281433
8.795,-0.0377121,-0.0841141,0.1218262
8.8,-0.029335,-0.0904236,0.1197586
8.805,-0.0251465,-0.0862198,0.1113663
8.81,-0.0377121,-0.0799103,0.1176224
8.815,-0.0356216,-0.0925217,0.1281433
8.82,-0.0272369,-0.056778,0.0840149
8.825,-0.0251465,-0.0336456,0.0587921
8.83,-0.0314331,-0.0483627,0.0797958
8.835,-0.0398102,-0.0714951,0.1113053
8.84,-0.0230484,-0.0778046,0.100853
8.845,-0.0314331,-0.0841141,0.1155472
8.85,-0.0314331,-0.0862198,0.1176529
8.855,-0.0377121,-0.0925217,0.1302338
8.86,-0.0398102,-0.0841141,0.1239243
8.865,-0.0419083,-0.0904236,0.1323319
8.87,-0.0356216,-0.0946274,0.130249
8.875,-0.0419083,-0.0946274,0.1365357
8.88,-0.0272369,-0.0925217,0.1197586
8.885,-0.029335,-0.0841141,0.1134491
8.89,-0.0335236,-0.0862198,0.1197434
8.895,-0.0230484,-0.0883179,0.1113663
8.9,-0.029335,-0.0946274,0.1239624
8.905,-0.0502853,-0.0883179,0.1386032
8.91,-0.0272369,-0.0756989,0.1029358
8.915,-0.0377121,-0.0820084,0.1197205
8.92,-0.0356216,-0.0862198,0.1218414
8.925,-0.0356216,-0.0820084,0.11763
8.93,-0.0356216,-0.0820084,0.11763
8.935,-0.0377121,-0.0546722,0.0923843
8.94,-0.029335,-0.069397,0.098732
8.945,-0.0335236,-0.0778046,0.1113282
8.95,-0.0167618,-0.0862198,0.1029816
8.955,-0.0272369,-0.0883179,0.1155548
8.96,-0.029335,-0.0925217,0.1218567
8.965,-0.0377121,-0.0883179,0.12603
8.97,-0.029335,-0.0820084,0.1113434
8.975,-0.0356216,-0.0799103,0.1155319
8.98,-0.0356216,-0.0904236,0.1260452
8.985,-0.0377121,-0.0862198,0.1239319
8.99,-0.0314331,-0.0841141,0.1155472
8.995,-0.029335,-0.0883179,0.1176529
9,-0.0272369,-0.0904236,0.1176605
9.005,-0.0272369,-0.0841141,0.111351
9.01,-0.0314331,-0.0799103,0.1113434
9.015,-0.0377121,-0.0904236,0.1281357
9.02,-0.0419083,-0.0862198,0.1281281
9.025,-0.0377121,-0.0946274,0.1323395
9.03,-0.0272369,-0.0546722,0.0819091
9.035,-0.0272369,-0.0714951,0.098732
9.04,-0.0251465,-0.0525742,0.0777207
9.045,-0.0335236,-0.0588837,0.0924073
9.05,-0.0377121,-0.0651855,0.1028976
9.055,-0.0356216,-0.0799103,0.1155319
9.06,-0.0377121,-0.0756989,0.113411
9.065,-0.0314331,-0.0756989,0.107132
9.07,-0.0314331,-0.0799103,0.1113434
9.075,-0.0314331,-0.0820084,0.1134415
9.08,-0.0398102,-0.0883179,0.1281281
9.085,-0.0335236,-0.0862198,0.1197434
9.09,-0.0398102,-0.0820084,0.1218186
9.095,-0.0377121,-0.0862198,0.1239319
9.1,-0.0314331,-0.0841141,0.1155472
9.105,-0.029335,-0.0862198,0.1155548
9.11,-0.0272369,-0.0841141,0.111351
9.115,-0.0356216,-0.0799103,0.1155319
9.12,-0.029335,-0.0736008,0.1029358
9.125,-0.0335236,-0.0799103,0.1134339
9.13,-0.0251465,-0.0841141,0.1092606
9.135,-0.0377121,-0.0841141,0.1218262
9.14,-0.0335236,-0.0862198,0.1197434
9.145,-0.0314331,-0.0925217,0.1239548
9.15,-0.029335,-0.0778046,0.1071396
9.155,-0.0314331,-0.0862198,0.1176529
9.16,-0.0356216,-0.0841141,0.1197357
9.165,-0.0377121,-0.0820084,0.1197205
9.17,-0.0335236,-0.0820084,0.115532
9.175,-0.0335236,-0.0883179,0.1218415
9.18,-0.0335236,-0.0820084,0.115532
9.185,-0.0314331,-0.0883179,0.119751
9.19,-0.0335236,-0.0799103,0.1134339
9.195,-0.0398102,-0.0820084,0.1218186
9.2,-0.0356216,-0.0862198,0.1218414
9.205,-0.0356216,-0.0925217,0.1281433
9.21,-0.0314331,-0.0651855,0.0966186
9.215,-0.0272369,-0.0799103,0.1071472
9.22,-0.0314331,-0.0799103,0.1113434
9.225,-0.0314331,-0.0862198,0.1176529
9.23,-0.0251465,-0.0778046,0.1029511
9.235,-0.0377121,-0.0820084,0.1197205
9.24,-0.029335,-0.0862198,0.1155548
9.245,-0.029335,-0.0925217,0.1218567
9.25,-0.0314331,-0.0925217,0.1239548
9.255,-0.0314331,-0.0925217,0.1239548
9.26,-0.0335236,-0.0651855,0.0987091
9.265,-0.0272369,-0.0736008,0.1008377
9.27,-0.0356216,-0.0820084,0.11763
9.275,-0.0314331,-0.0883179,0.119751
9.28,-0.0356216,-0.0883179,0.1239395
9.285,-0.0314331,-0.0820084,0.1134415
9.29,-0.0272369,-0.0820084,0.1092453
9.295,-0.0335236,-0.0820084,0.115532
9.3,-0.0335236,-0.0862198,0.1197434
9.305,-0.0335236,-0.0883179,0.1218415
9.31,-0.0356216,-0.1009369,0.1365585
9.315,-0.0356216,-0.0967331,0.1323547
9.32,-0.0377121,-0.0883179,0.12603
9.325,-0.0377121,-0.0883179,0.12603
9.33,-0.029335,-0.0736008,0.1029358
9.335,-0.0356216,-0.0841141,0.1197357
9.34,-0.0419083,-0.0799103,0.1218186
9.345,-0.0398102,-0.0820084,0.1218186
9.35,-0.0439987,-0.0841141,0.1281128
9.355,-0.0356216,-0.0820084,0.11763
9.36,-0.0377121,-0.0862198,0.1239319
9.365,-0.0419083,-0.0841141,0.1260224
9.37,-0.0335236,-0.0904236,0.1239472
9.375,-0.0377121,-0.0883179,0.12603
9.38,-0.0377121,-0.0883179,0.12603
9.385,-0.0481949,-0.0904236,0.1386185
9.39,-0.0419083,-0.0883179,0.1302262
9.395,-0.0439987,-0.0862198,0.1302185
9.4,-0.0314331,-0.0904236,0.1218567
9.405,-0.0419083,-0.0946274,0.1365357
9.41,-0.0335236,-0.1009369,0.1344605
9.415,-0.0439987,-0.0820084,0.1260071
9.42,-0.029335,-0.0588837,0.0882187
9.425,-0.0419083,-0.0672913,0.1091996
9.43,-0.0398102,-0.0820084,0.1218186
9.435,-0.0502853,-0.0904236,0.1407089
9.44,-0.0335236,-0.0862198,0.1197434
9.445,-0.0377121,-0.0799103,0.1176224
9.45,-0.0335236,-0.0862198,0.1197434
9.455,-0.0439987,-0.0841141,0.1281128
9.46,-0.0335236,-0.0820084,0.115532
9.465,-0.0314331,-0.0546722,0.0861053
9.47,-0.029335,-0.069397,0.098732
9.475,-0.0314331,-0.0756989,0.107132
9.48,-0.0251465,-0.0841141,0.1092606
9.485,-0.0314331,-0.0778046,0.1092377
9.49,-0.0272369,-0.0841141,0.111351
9.495,-0.029335,-0.0820084,0.1113434
9.5,-0.0398102,-0.0883179,0.1281281
9.505,-0.0314331,-0.0925217,0.1239548
9.51,-0.0272369,-0.0714951,0.098732
9.515,-0.0398102,-0.069397,0.1092072
9.52,-0.0377121,-0.0799103,0.1176224
9.525,-0.0314331,-0.0820084,0.1134415
9.53,-0.0377121,-0.0862198,0.1239319
9.535,-0.0314331,-0.0862198,0.1176529
9.54,-0.0439987,-0.0883179,0.1323166
9.545,-0.0377121,-0.0925217,0.1302338
9.55,-0.0377121,-0.0904236,0.1281357
9.555,-0.0398102,-0.0904236,0.1302338
9.56,-0.0502853,-0.0904236,0.1407089
9.565,-0.029335,-0.0841141,0.1134491
9.57,-0.0419083,-0.0925217,0.13443
9.575,-0.0481949,-0.0609818,0.1091767
9.58,-0.0398102,-0.0714951,0.1113053
9.585,-0.0419083,-0.0778046,0.1197129
9.59,-0.0398102,-0.0841141,0.1239243
9.595,-0.029335,-0.0883179,0.1176529
9.6,-0.0356216,-0.0862198,0.1218414
9.605,-0.0230484,-0.0862198,0.1092682
9.61,-0.0335236,-0.0756989,0.1092225
9.615,-0.0356216,-0.0778046,0.1134262
9.62,-0.0377121,-0.0778046,0.1155167
9.625,-0.0377121,-0.0883179,0.12603
9.63,-0.0272369,-0.0609818,0.0882187
9.635,-0.0377121,-0.0736008,0.1113129
9.64,-0.0377121,-0.0736008,0.1113129
9.645,-0.0398102,-0.0672913,0.1071015
9.65,-0.0377121,-0.0778046,0.1155167
9.655,-0.0335236,-0.0799103,0.1134339
9.66,-0.0356216,-0.0778046,0.1134262
9.665,-0.0230484,-0.0904236,0.113472
9.67,-0.029335,-0.0841141,0.1134491
9.675,-0.0251465,-0.056778,0.0819245
9.68,-0.029335,-0.069397,0.098732
9.685,-0.0335236,-0.0714951,0.1050187
9.69,-0.0356216,-0.0778046,0.1134262
9.695,-0.0356216,-0.0820084,0.11763
9.7,-0.0377121,-0.0862198,0.1239319
9.705,-0.0356216,-0.0946274,0.130249
9.71,-0.0377121,-0.0904236,0.1281357
9.715,-0.0314331,-0.0820084,0.1134415
9.72,-0.029335,-0.0504684,0.0798034
9.725,-0.0272369,-0.0588837,0.0861206
9.73,-0.0335236,-0.0799103,0.1134339
9.735,-0.0272369,-0.0820084,0.1092453
9.74,-0.029335,-0.0904236,0.1197586
9.745,-0.0335236,-0.0841141,0.1176377
9.75,-0.0398102,-0.0778046,0.1176148
9.755,-0.0419083,-0.0799103,0.1218186
9.76,-0.029335,-0.0904236,0.1197586
9.765,-0.0356216,-0.0904236,0.1260452
9.77,-0.0146637,-0.0841141,0.0987778
9.775,-0.0272369,-0.056778,0.0840149
9.78,-0.0314331,-0.069397,0.1008301
9.785,-0.0356216,-0.0778046,0.1134262
9.79,-0.0356216,-0.0799103,0.1155319
9.795,-0.0439987,-0.0820084,0.1260071
9.8,-0.0356216,-0.0799103,0.1155319
9.805,-0.0356216,-0.0778046,0.1134262
9.81,-0.0335236,-0.0588837,0.0924073
9.815,-0.0356216,-0.0714951,0.1071167
9.82,-0.0439987,-0.0820084,0.1260071
9.825,-0.0377121,-0.0820084,0.1197205
9.83,-0.0335236,-0.0841141,0.1176377
9.835,-0.0251465,-0.0967331,0.1218796
9.84,-0.0377121,-0.0883179,0.12603
9.845,-0.0335236,-0.0883179,0.1218415
9.85,-0.029335,-0.0841141,0.1134491
9.855,-0.0377121,-0.0862198,0.1239319
9.86,-0.0314331,-0.0883179,0.119751
9.865,-0.029335,-0.0883179,0.1176529
9.87,-0.0335236,-0.0967331,0.1302567
9.875,-0.0356216,-0.0883179,0.1239395
9.88,-0.0314331,-0.0841141,0.1155472
9.885,-0.0230484,-0.0462646,0.069313
9.89,-0.0230484,-0.0630875,0.0861359
9.895,-0.0230484,-0.0778046,0.100853
9.9,-0.0230484,-0.0820084,0.1050568
9.905,-0.029335,-0.0820084,0.1113434
9.91,-0.0314331,-0.0862198,0.1176529
9.915,-0.0335236,-0.0778046,0.1113282
9.92,-0.0272369,-0.0904236,0.1176605
9.925,-0.0272369,-0.0841141,0.111351
9.93,-0.0167618,-0.056778,0.0735398
9.935,-0.029335,-0.0714951,0.1008301
9.94,-0.0356216,-0.0799103,0.1155319
9.945,-0.029335,-0.0778046,0.1071396
9.95,-0.0377121,-0.0799103,0.1176224
9.955,-0.0314331,-0.0841141,0.1155472
9.96,-0.0314331,-0.0736008,0.1050339
9.965,-0.0335236,-0.0841141,0.1176377
9.97,-0.0314331,-0.0904236,0.1218567
9.975,-0.0314331,-0.0946274,0.1260605
9.98,-0.0251465,-0.0967331,0.1218796
9.985,-0.029335,-0.0946274,0.1239624
9.99,-0.0272369,-0.0483627,0.0755996
9.995,-0.0335236,-0.0651855,0.0987091
10,-0.0209503,-0.0756989,0.0966492
10.005,-0.0314331,-0.0883179,0.119751
10.01,-0.0251465,-0.0883179,0.1134644
10.015,-0.0314331,-0.0883179,0.119751
10.02,-0.0251465,-0.069397,0.0945435
10.025,-0.0335236,-0.0756989,0.1092225
10.03,-0.0272369,-0.0756989,0.1029358
10.035,-0.0251465,-0.0841141,0.1092606
10.04,-0.0230484,-0.0862198,0.1092682
10.045,-0.0398102,-0.0820084,0.1218186
10.05,-0.0335236,-0.0883179,0.1218415
10.055,-0.0335236,-0.0946274,0.128151
10.06,-0.0335236,-0.0862198,0.1197434
10.065,-0.0356216,-0.0820084,0.11763
10.07,-0.0335236,-0.0841141,0.1176377
10.075,-0.0251465,-0.0883179,0.1134644
10.08,-0.0272369,-0.0799103,0.1071472
10.085,-0.0272369,-0.0925217,0.1197586
10.09,-0.0209503,-0.0904236,0.1113739
10.095,-0.029335,-0.056778,0.086113
10.1,-0.0314331,-0.0778046,0.1092377
10.105,-0.0377121,-0.0778046,0.1155167
10.11,-0.029335,-0.0546722,0.0840072
10.115,-0.0230484,-0.0651855,0.0882339
10.12,-0.0314331,-0.0756989,0.107132
10.125,-0.0377121,-0.0799103,0.1176224
10.13,-0.0439987,-0.0799103,0.123909
10.135,-0.0419083,-0.0925217,0.13443
10.14,-0.0398102,-0.0862198,0.12603
10.145,-0.0356216,-0.0820084,0.11763
10.15,-0.0335236,-0.0904236,0.1239472
10.155,-0.0272369,-0.0883179,0.1155548
10.16,-0.0398102,-0.0925217,0.1323319
10.165,-0.0398102,-0.0925217,0.1323319
10.17,-0.0314331,-0.0883179,0.119751
10.175,-0.0335236,-0.0841141,0.1176377
10.18,-0.0335236,-0.0904236,0.1239472
10.185,-0.0356216,-0.0904236,0.1260452
10.19,-0.0356216,-0.0841141,0.1197357
10.195,-0.0335236,-0.0904236,0.1239472
10.2,-0.0335236,-0.0588837,0.0924073
10.205,-0.0377121,-0.0672913,0.1050034
10.21,-0.029335,-0.0778046,0.1071396
10.215,-0.0356216,-0.0862198,0.1218414
10.22,-0.0439987,-0.0778046,0.1218033
10.225,-0.0335236,-0.0862198,0.1197434
10.23,-0.0272369,-0.0609818,0.0882187
10.235,-0.0251465,-0.0736008,0.0987473
10.24,-0.0335236,-0.0820084,0.115532
10.245,-0.0314331,-0.0841141,0.1155472
10.25,-0.0377121,-0.0862198,0.1239319
10.255,-0.0356216,-0.0841141,0.1197357
10.26,-0.0314331,-0.0820084,0.1134415
10.265,-0.0356216,-0.0820084,0.11763
10.27,-0.0335236,-0.0862198,0.1197434
10.275,-0.0419083,-0.0862198,0.1281281
10.28,-0.0335236,-0.0841141,0.1176377
10.285,-0.0419083,-0.0841141,0.1260224
10.29,-0.0314331,-0.0841141,0.1155472
10.295,-0.0272369,-0.0841141,0.111351
10.3,-0.0335236,-0.0862198,0.1197434
10.305,-0.0209503,-0.056778,0.0777283
10.31,-0.029335,-0.0736008,0.1029358
10.315,-0.0314331,-0.0714951,0.1029282
10.32,-0.0314331,-0.0462646,0.0776977
10.325,-0.0335236,-0.0651855,0.0987091
10.33,-0.0314331,-0.0799103,0.1113434
10.335,-0.029335,-0.0820084,0.1113434
10.34,-0.0314331,-0.0883179,0.119751
10.345,-0.029335,-0.0841141,0.1134491
10.35,-0.0419083,-0.0841141,0.1260224
10.355,-0.0398102,-0.0862198,0.12603
10.36,-0.0419083,-0.0862198,0.1281281
10.365,-0.029335,-0.0925217,0.1218567
10.37,-0.0335236,-0.0946274,0.128151
10.375,-0.0377121,-0.0883179,0.12603
10.38,-0.0398102,-0.0820084,0.1218186
10.385,-0.0481949,-0.0799103,0.1281052
10.39,-0.0377121,-0.0883179,0.12603
10.395,-0.0398102,-0.0883179,0.1281281
10.4,-0.0335236,-0.0778046,0.1113282
10.405,-0.0398102,-0.0841141,0.1239243
10.41,-0.0230484,-0.0336456,0.056694
10.415,-0.0377121,-0.0504684,0.0881805
10.42,-0.0272369,-0.0714951,0.098732
10.425,-0.0356216,-0.0799103,0.1155319
10.43,-0.0314331,-0.0799103,0.1113434
10.435,-0.0314331,-0.0862198,0.1176529
10.44,-0.0272369,-0.0904236,0.1176605
10.445,-0.0377121,-0.0925217,0.1302338
10.45,-0.0439987,-0.0862198,0.1302185
10.455,-0.0377121,-0.0946274,0.1323395
10.46,-0.0377121,-0.0883179,0.12603
10.465,-0.0356216,-0.0946274,0.130249
10.47,-0.0272369,-0.0904236,0.1176605
10.475,-0.0335236,-0.0862198,0.1197434
10.48,-0.0356216,-0.0925217,0.1281433
10.485,-0.0314331,-0.0967331,0.1281662
10.49,-0.0377121,-0.0904236,0.1281357
10.495,-0.0314331,-0.0904236,0.1218567
10.5,-0.0314331,-0.0862198,0.1176529
10.505,-0.0356216,-0.0862198,0.1218414
10.51,-0.0356216,-0.0925217,0.1281433
10.515,-0.0251465,-0.056778,0.0819245
10.52,-0.0230484,-0.0672913,0.0903397
10.525,-0.0377121,-0.0799103,0.1176224
10.53,-0.0251465,-0.0609818,0.0861283
10.535,-0.0356216,-0.0651855,0.1008071
10.54,-0.0419083,-0.0714951,0.1134034
10.545,-0.0335236,-0.0799103,0.1134339
10.55,-0.0356216,-0.0820084,0.11763
10.555,-0.0335236,-0.0820084,0.115532
10.56,-0.0272369,-0.0799103,0.1071472
10.565,-0.0314331,-0.0820084,0.1134415
10.57,-0.0377121,-0.0862198,0.1239319
10.575,-0.0314331,-0.0841141,0.1155472
10.58,-0.0419083,-0.0883179,0.1302262
10.585,-0.0356216,-0.0904236,0.1260452
10.59,-0.0419083,-0.0904236,0.1323319
10.595,-0.0439987,-0.0799103,0.123909
10.6,-0.0398102,-0.0841141,0.1239243
10.605,-0.0398102,-0.0820084,0.1218186
10.61,-0.0356216,-0.0841141,0.1197357
10.615,-0.0460968,-0.0483627,0.0944595
10.62,-0.0335236,-0.056778,0.0903016
10.625,-0.0356216,-0.0609818,0.0966034
10.63,-0.0335236,-0.0799103,0.1134339
10.635,-0.0398102,-0.0756989,0.1155091
10.64,-0.0398102,-0.0799103,0.1197205
10.645,-0.0419083,-0.0862198,0.1281281
10.65,-0.0335236,-0.0841141,0.1176377
10.655,-0.0377121,-0.0904236,0.1281357
10.66,-0.0398102,-0.0862198,0.12603
10.665,-0.0439987,-0.0904236,0.1344223
10.67,-0.0398102,-0.0904236,0.1302338
10.675,-0.0460968,-0.0841141,0.1302109
10.68,-0.0335236,-0.0778046,0.1113282
10.685,-0.0356216,-0.0841141,0.1197357
10.69,-0.0356216,-0.0841141,0.1197357
10.695,-0.0314331,-0.0841141,0.1155472
10.7,-0.0356216,-0.0883179,0.1239395
10.705,-0.0272369,-0.0883179,0.1155548
10.71,-0.0314331,-0.0630875,0.0945206
10.715,-0.029335,-0.0672913,0.0966263
10.72,-0.0335236,-0.0462646,0.0797882
10.725,-0.0188599,-0.0525742,0.0714341
10.73,-0.029335,-0.069397,0.098732
10.735,-0.0251465,-0.0799103,0.1050568
10.74,-0.0251465,-0.0799103,0.1050568
10.745,-0.029335,-0.0883179,0.1176529
10.75,-0.0230484,-0.0925217,0.1155701
10.755,-0.029335,-0.0820084,0.1113434
10.76,-0.029335,-0.0862198,0.1155548
10.765,-0.0272369,-0.0925217,0.1197586
10.77,-0.0314331,-0.0925217,0.1239548
10.775,-0.0314331,-0.0967331,0.1281662
10.78,-0.029335,-0.0862198,0.1155548
10.785,-0.0335236,-0.0925217,0.1260453
10.79,-0.0356216,-0.0862198,0.1218414
10.795,-0.029335,-0.0883179,0.1176529
10.8,-0.0335236,-0.0820084,0.115532
10.805,-0.0356216,-0.0883179,0.1239395
10.81,-0.0356216,-0.0904236,0.1260452
10.815,-0.029335,-0.0883179,0.1176529
10.82,-0.0251465,-0.0904236,0.1155701
10.825,-0.029335,-0.0609818,0.0903168
10.83,-0.0146637,-0.0420609,0.0567246
10.835,-0.0188599,-0.0672913,0.0861512
10.84,-0.0209503,-0.0736008,0.0945511
10.845,-0.0272369,-0.0883179,0.1155548
10.85,-0.0314331,-0.0862198,0.1176529
10.855,-0.0377121,-0.0862198,0.1239319
10.86,-0.029335,-0.0820084,0.1113434
10.865,-0.0335236,-0.0799103,0.1134339
10.87,-0.0335236,-0.0820084,0.115532
10.875,-0.0356216,-0.0841141,0.1197357
10.88,-0.0481949,-0.0862198,0.1344147
10.885,-0.0314331,-0.0778046,0.1092377
10.89,-0.0419083,-0.0736008,0.1155091
10.895,-0.0335236,-0.0799103,0.1134339
10.9,-0.029335,-0.0778046,0.1071396
10.905,-0.0377121,-0.0904236,0.1281357
10.91,-0.029335,-0.0820084,0.1113434
10.915,-0.0272369,-0.0756989,0.1029358
10.92,-0.0251465,-0.056778,0.0819245
10.925,-0.029335,-0.0378494,0.0671844
10.93,-0.0314331,-0.0546722,0.0861053
10.935,-0.0398102,-0.0651855,0.1049957
10.94,-0.0272369,-0.0799103,0.1071472
10.945,-0.0272369,-0.0820084,0.1092453
10.95,-0.0335236,-0.0841141,0.1176377
10.955,-0.0377121,-0.0841141,0.1218262
10.96,-0.0314331,-0.0862198,0.1176529
10.965,-0.0335236,-0.0820084,0.115532
10.97,-0.0377121,-0.0862198,0.1239319
10.975,-0.0356216,-0.0820084,0.11763
10.98,-0.0377121,-0.0799103,0.1176224
10.985,-0.0398102,-0.0841141,0.1239243
10.99,-0.0335236,-0.0862198,0.1197434
10.995,-0.0272369,-0.0883179,0.1155548
11,-0.0251465,-0.0862198,0.1113663
11.005,-0.0356216,-0.0862198,0.1218414
11.01,-0.0272369,-0.0756989,0.1029358
11.015,-0.0335236,-0.0736008,0.1071244
11.02,-0.0419083,-0.0820084,0.1239167
11.025,-0.0314331,-0.0799103,0.1113434
11.03,-0.0314331,-0.0483627,0.0797958
11.035,-0.0481949,-0.069397,0.1175919
11.04,-0.0272369,-0.0736008,0.1008377
11.045,-0.0125732,-0.0820084,0.0945816
11.05,-0.0188599,-0.0820084,0.1008683
11.055,-0.0314331,-0.0925217,0.1239548
11.06,-0.0398102,-0.0883179,0.1281281
11.065,-0.0314331,-0.0841141,0.1155472
11.07,-0.0251465,-0.0778046,0.1029511
11.075,-0.0272369,-0.0820084,0.1092453
11.08,-0.0251465,-0.0862198,0.1113663
11.085,-0.0377121,-0.0946274,0.1323395
11.09,-0.0356216,-0.0862198,0.1218414
11.095,-0.0272369,-0.0946274,0.1218643
11.1,-0.0251465,-0.0862198,0.1113663
11.105,-0.029335,-0.0883179,0.1176529
11.11,-0.0314331,-0.0883179,0.119751
11.115,-0.0398102,-0.0841141,0.1239243
11.12,-0.0356216,-0.0841141,0.1197357
11.125,-0.0335236,-0.0862198,0.1197434
11.13,-0.0251465,-0.069397,0.0945435
11.135,-0.0335236,-0.0609818,0.0945054
11.14,-0.0335236,-0.0546722,0.0881958
11.145,-0.0356216,-0.0799103,0.1155319
11.15,-0.0251465,-0.0799103,0.1050568
11.155,-0.0272369,-0.0736008,0.1008377
11.16,-0.0356216,-0.0883179,0.1239395
11.165,-0.0356216,-0.0736008,0.1092224
11.17,-0.0356216,-0.0799103,0.1155319
11.175,-0.0272369,-0.0862198,0.1134567
11.18,-0.0314331,-0.0862198,0.1176529
11.185,-0.029335,-0.0883179,0.1176529
11.19,-0.0460968,-0.0862198,0.1323166
11.195,-0.0335236,-0.0904236,0.1239472
11.2,-0.0335236,-0.0862198,0.1197434
11.205,-0.0272369,-0.0841141,0.111351
11.21,-0.0251465,-0.0799103,0.1050568
11.215,-0.0377121,-0.0799103,0.1176224
11.22,-0.0230484,-0.0462646,0.069313
11.225,-0.029335,-0.0609818,0.0903168
11.23,-0.029335,-0.0672913,0.0966263
11.235,-0.0398102,-0.0651855,0.1049957
11.24,-0.0398102,-0.056778,0.0965882
11.245,-0.0335236,-0.0714951,0.1050187
11.25,-0.0272369,-0.0778046,0.1050415
11.255,-0.0230484,-0.0883179,0.1113663
11.26,-0.0251465,-0.0841141,0.1092606
11.265,-0.0314331,-0.0841141,0.1155472
11.27,-0.0314331,-0.0883179,0.119751
11.275,-0.0272369,-0.0904236,0.1176605
11.28,-0.0251465,-0.0820084,0.1071549
11.285,-0.0314331,-0.0883179,0.119751
11.29,-0.0377121,-0.0862198,0.1239319
11.295,-0.0356216,-0.0820084,0.11763
11.3,-0.0398102,-0.0799103,0.1197205
11.305,-0.0335236,-0.0799103,0.1134339
11.31,-0.029335,-0.056778,0.086113
11.315,-0.029335,-0.0651855,0.0945205
11.32,-0.029335,-0.0841141,0.1134491
11.325,-0.0314331,-0.0883179,0.119751
11.33,-0.0335236,-0.0778046,0.1113282
11.335,-0.0356216,-0.0883179,0.1239395
11.34,-0.0230484,-0.0504684,0.0735168
11.345,-0.0314331,-0.0630875,0.0945206
11.35,-0.0272369,-0.0778046,0.1050415
11.355,-0.0188599,-0.0904236,0.1092835
11.36,-0.0251465,-0.0988312,0.1239777
11.365,-0.0314331,-0.0883179,0.119751
11.37,-0.0377121,-0.0883179,0.12603
11.375,-0.0272369,-0.0820084,0.1092453
11.38,-0.0272369,-0.0841141,0.111351
11.385,-0.0230484,-0.0862198,0.1092682
11.39,-0.0314331,-0.0904236,0.1218567
11.395,-0.0398102,-0.0883179,0.1281281
11.4,-0.0230484,-0.0841141,0.1071625
11.405,-0.0377121,-0.0946274,0.1323395
11.41,-0.0335236,-0.0904236,0.1239472
11.415,-0.0230484,-0.0862198,0.1092682
11.42,-0.0335236,-0.0841141,0.1176377
11.425,-0.0314331,-0.0883179,0.119751
11.43,-0.0167618,-0.056778,0.0735398
11.435,-0.029335,-0.0714951,0.1008301
11.44,-0.0272369,-0.0799103,0.1071472
11.445,-0.0377121,-0.0504684,0.0881805
11.45,-0.029335,-0.0630875,0.0924225
11.455,-0.0335236,-0.069397,0.1029206
11.46,-0.0356216,-0.0736008,0.1092224
11.465,-0.0356216,-0.0841141,0.1197357
11.47,-0.0335236,-0.0862198,0.1197434
11.475,-0.0439987,-0.0862198,0.1302185
11.48,-0.0335236,-0.0946274,0.128151
11.485,-0.0335236,-0.0925217,0.1260453
11.49,-0.0272369,-0.0841141,0.111351
11.495,-0.0439987,-0.0841141,0.1281128
11.5,-0.0335236,-0.0925217,0.1260453
11.505,-0.0377121,-0.0862198,0.1239319
11.51,-0.0314331,-0.0904236,0.1218567
11.515,-0.029335,-0.0883179,0.1176529
11.52,-0.0272369,-0.069397,0.0966339
11.525,-0.0335236,-0.0820084,0.115532
11.53,-0.0314331,-0.0841141,0.1155472
11.535,-0.0356216,-0.0820084,0.11763
11.54,-0.0272369,-0.0904236,0.1176605
11.545,-0.0356216,-0.0714951,0.1071167
11.55,-0.0314331,-0.069397,0.1008301
11.555,-0.0272369,-0.0714951,0.098732
11.56,-0.0209503,-0.0778046,0.0987549
11.565,-0.0209503,-0.0778046,0.0987549
11.57,-0.0209503,-0.0904236,0.1113739
11.575,-0.0209503,-0.0883179,0.1092682
11.58,-0.0272369,-0.0820084,0.1092453
11.585,-0.0272369,-0.0925217,0.1197586
11.59,-0.0209503,-0.0799103,0.1008606
11.595,-0.0272369,-0.0862198,0.1134567
11.6,-0.0356216,-0.0820084,0.11763
11.605,-0.0335236,-0.0841141,0.1176377
11.61,-0.0230484,-0.0546722,0.0777206
11.615,-0.0272369,-0.0736008,0.1008377
11.62,-0.0335236,-0.0841141,0.1176377
11.625,-0.0356216,-0.0799103,0.1155319
11.63,-0.0356216,-0.0841141,0.1197357
11.635,-0.029335,-0.0799103,0.1092453
11.64,-0.0356216,-0.0820084,0.11763
11.645,-0.029335,-0.0778046,0.1071396
11.65,-0.0314331,-0.0820084,0.1134415
11.655,-0.0398102,-0.056778,0.0965882
11.66,-0.0377121,-0.0714951,0.1092072
11.665,-0.0272369,-0.0841141,0.111351
11.67,-0.0356216,-0.0904236,0.1260452
11.675,-0.0356216,-0.0862198,0.1218414
11.68,-0.0251465,-0.0820084,0.1071549
11.685,-0.0230484,-0.0862198,0.1092682
11.69,-0.0251465,-0.0820084,0.1071549
11.695,-0.0251465,-0.0799103,0.1050568
11.7,-0.0335236,-0.0820084,0.115532
11.705,-0.0272369,-0.0841141,0.111351
11.71,-0.029335,-0.0820084,0.1113434
11.715,-0.0314331,-0.0841141,0.1155472
11.72,-0.0335236,-0.0799103,0.1134339
11.725,-0.0419083,-0.0904236,0.1323319
11.73,-0.0251465,-0.0736008,0.0987473
11.735,-0.0335236,-0.0736008,0.1071244
11.74,-0.0314331,-0.0946274,0.1260605
11.745,-0.0398102,-0.0862198,0.12603
11.75,-0.0377121,-0.0904236,0.1281357
11.755,-0.029335,-0.0883179,0.1176529
11.76,-0.029335,-0.0441589,0.0734939
11.765,-0.0314331,-0.069397,0.1008301
11.77,-0.0335236,-0.0736008,0.1071244
11.775,-0.0398102,-0.0820084,0.1218186
11.78,-0.029335,-0.0904236,0.1197586
11.785,-0.029335,-0.0820084,0.1113434
11.79,-0.0251465,-0.0820084,0.1071549
11.795,-0.0356216,-0.0883179,0.1239395
11.8,-0.0398102,-0.0862198,0.12603
11.805,-0.0377121,-0.0841141,0.1218262
11.81,-0.0314331,-0.0820084,0.1134415
11.815,-0.0335236,-0.0862198,0.1197434
11.82,-0.0314331,-0.0588837,0.0903168
11.825,-0.0356216,-0.0714951,0.1071167
11.83,-0.029335,-0.0778046,0.1071396
11.835,-0.0230484,-0.0862198,0.1092682
11.84,-0.0335236,-0.0820084,0.115532
11.845,-0.0335236,-0.0883179,0.1218415
11.85,-0.0356216,-0.0820084,0.11763
11.855,-0.029335,-0.0904236,0.1197586
11.86,-0.0335236,-0.0925217,0.1260453
11.865,-0.029335,-0.0904236,0.1197586
11.87,-0.0335236,-0.0609818,0.0945054
11.875,-0.0335236,-0.0736008,0.1071244
11.88,-0.0419083,-0.0736008,0.1155091
11.885,-0.029335,-0.0841141,0.1134491
11.89,-0.0272369,-0.0862198,0.1134567
11.895,-0.0230484,-0.0904236,0.113472
11.9,-0.0335236,-0.0883179,0.1218415
11.905,-0.0377121,-0.0904236,0.1281357
11.91,-0.0335236,-0.0736008,0.1071244
11.915,-0.0419083,-0.0820084,0.1239167
11.92,-0.0398102,-0.0925217,0.1323319
11.925,-0.0335236,-0.0925217,0.1260453
11.93,-0.029335,-0.0862198,0.1155548
11.935,-0.0335236,-0.0883179,0.1218415
11.94,-0.0356216,-0.0904236,0.1260452
11.945,-0.0398102,-0.0946274,0.1344376
11.95,-0.0356216,-0.0904236,0.1260452
11.955,-0.0335236,-0.0904236,0.1239472
11.96,-0.0314331,-0.0988312,0.1302643
11.965,-0.0314331,-0.0946274,0.1260605
11.97,-0.0377121,-0.0756989,0.113411
11.975,-0.0398102,-0.069397,0.1092072
11.98,-0.0335236,-0.0904236,0.1239472
11.985,-0.0335236,-0.0841141,0.1176377
11.99,-0.0146637,-0.0883179,0.1029816
11.995,-0.0251465,-0.0904236,0.1155701
12,-0.029335,-0.0820084,0.1113434
12.005,-0.0230484,-0.0904236,0.113472
12.01,-0.0272369,-0.0862198,0.1134567
12.015,-0.0314331,-0.0883179,0.119751
12.02,-0.0356216,-0.0904236,0.1260452
12.025,-0.0356216,-0.0862198,0.1218414
12.03,-0.0419083,-0.056778,0.0986863
12.035,-0.0335236,-0.069397,0.1029206
12.04,-0.0356216,-0.0736008,0.1092224
12.045,-0.0272369,-0.0820084,0.1092453
12.05,-0.0314331,-0.0778046,0.1092377
12.055,-0.0335236,-0.0820084,0.115532
12.06,-0.029335,-0.0841141,0.1134491
12.065,-0.029335,-0.0904236,0.1197586
12.07,-0.0398102,-0.0841141,0.1239243
12.075,-0.0335236,-0.0841141,0.1176377
12.08,-0.0335236,-0.056778,0.0903016
12.085,-0.0335236,-0.069397,0.1029206
12.09,-0.0335236,-0.069397,0.1029206
12.095,-0.0335236,-0.0799103,0.1134339
12.1,-0.0251465,-0.0841141,0.1092606
12.105,-0.0251465,-0.0799103,0.1050568
12.11,-0.029335,-0.0799103,0.1092453
12.115,-0.0251465,-0.0862198,0.1113663
12.12,-0.0230484,-0.069397,0.0924454
12.125,-0.0251465,-0.0841141,0.1092606
12.13,-0.0272369,-0.0841141,0.111351
12.135,-0.0377121,-0.0862198,0.1239319
12.14,-0.0398102,-0.0820084,0.1218186
12.145,-0.0314331,-0.0862198,0.1176529
12.15,-0.0377121,-0.0883179,0.12603
12.155,-0.0398102,-0.0841141,0.1239243
12.16,-0.029335,-0.0904236,0.1197586
12.165,-0.0356216,-0.0925217,0.1281433
12.17,-0.0335236,-0.0904236,0.1239472
12.175,-0.0398102,-0.0904236,0.1302338
12.18,-0.0314331,-0.0904236,0.1218567
12.185,-0.0439987,-0.0799103,0.123909
12.19,-0.0356216,-0.0862198,0.1218414
12.195,-0.0377121,-0.0883179,0.12603
12.2,-0.0460968,-0.0883179,0.1344147
12.205,-0.0439987,-0.0820084,0.1260071
12.21,-0.0251465,-0.056778,0.0819245
12.215,-0.029335,-0.0736008,0.1029358
12.22,-0.029335,-0.0756989,0.1050339
12.225,-0.0272369,-0.0820084,0.1092453
12.23,-0.029335,-0.0883179,0.1176529
12.235,-0.0251465,-0.0883179,0.1134644
12.24,-0.0314331,-0.0904236,0.1218567
12.245,-0.029335,-0.0862198,0.1155548
12.25,-0.029335,-0.0904236,0.1197586
12.255,-0.0314331,-0.0841141,0.1155472
12.26,-0.0272369,-0.0778046,0.1050415
12.265,-0.0314331,-0.0799103,0.1113434
12.27,-0.0356216,-0.0925217,0.1281433
12.275,-0.0314331,-0.0820084,0.1134415
12.28,-0.0272369,-0.0736008,0.1008377
12.285,-0.0335236,-0.0588837,0.0924073
12.29,-0.0314331,-0.0756989,0.107132
12.295,-0.029335,-0.0841141,0.1134491
12.3,-0.0272369,-0.0799103,0.1071472
12.305,-0.0272369,-0.0862198,0.1134567
12.31,-0.0272369,-0.0904236,0.1176605
12.315,-0.0314331,-0.0883179,0.119751
12.32,-0.0356216,-0.0862198,0.1218414
12.325,-0.0314331,-0.0862198,0.1176529
12.33,-0.0230484,-0.0588837,0.0819321
12.335,-0.0314331,-0.0736008,0.1050339
12.34,-0.0356216,-0.0778046,0.1134262
12.345,-0.0356216,-0.0904236,0.1260452
12.35,-0.0272369,-0.0841141,0.111351
12.355,-0.0272369,-0.0820084,0.1092453
12.36,-0.0356216,-0.0799103,0.1155319
12.365,-0.029335,-0.0904236,0.1197586
12.37,-0.0251465,-0.0883179,0.1134644
12.375,-0.0230484,-0.0967331,0.1197815
12.38,-0.0335236,-0.0841141,0.1176377
12.385,-0.0272369,-0.0967331,0.12397
12.39,-0.0460968,-0.0862198,0.1323166
12.395,-0.0439987,-0.0946274,0.1386261
12.4,-0.0398102,-0.0925217,0.1323319
12.405,-0.0377121,-0.0883179,0.12603
12.41,-0.029335,-0.0925217,0.1218567
12.415,-0.0377121,-0.0925217,0.1302338
12.42,-0.0272369,-0.0609818,0.0882187
12.425,-0.029335,-0.0756989,0.1050339
12.43,-0.0356216,-0.0841141,0.1197357
12.435,-0.0272369,-0.0820084,0.1092453
12.44,-0.0272369,-0.0756989,0.1029358
12.445,-0.0356216,-0.0883179,0.1239395
12.45,-0.0251465,-0.0841141,0.1092606
12.455,-0.0377121,-0.0841141,0.1218262
12.46,-0.0335236,-0.0820084,0.115532
12.465,-0.0377121,-0.0904236,0.1281357
12.47,-0.0314331,-0.0883179,0.119751
12.475,-0.0398102,-0.0862198,0.12603
12.48,-0.029335,-0.0841141,0.1134491
12.485,-0.029335,-0.0925217,0.1218567
12.49,-0.0230484,-0.0714951,0.0945435
12.495,-0.0272369,-0.0609818,0.0882187
12.5,-0.0314331,-0.0714951,0.1029282
12.505,-0.029335,-0.0799103,0.1092453
12.51,-0.0314331,-0.0525742,0.0840073
12.515,-0.0188599,-0.0651855,0.0840454
12.52,-0.0230484,-0.0736008,0.0966492
12.525,-0.0251465,-0.0756989,0.1008454
12.53,-0.0314331,-0.0820084,0.1134415
12.535,-0.0272369,-0.0820084,0.1092453
12.54,-0.0251465,-0.0841141,0.1092606
12.545,-0.0188599,-0.0799103,0.0987702
12.55,-0.0335236,-0.0841141,0.1176377
12.555,-0.0272369,-0.0883179,0.1155548
12.56,-0.029335,-0.0862198,0.1155548
12.565,-0.0251465,-0.0925217,0.1176682
12.57,-0.0272369,-0.0841141,0.111351
12.575,-0.0314331,-0.0820084,0.1134415
12.58,-0.0356216,-0.0883179,0.1239395
12.585,-0.0272369,-0.0799103,0.1071472
12.59,-0.029335,-0.0799103,0.1092453
12.595,-0.0314331,-0.0799103,0.1113434